,location,substrate,treatment,concentration,replicate,slope,int,slope.se,int.se,pval,rsq,n,year
1,BS,Arg-AMC,killed,0,A,3.55601318,650.6773888,0.047082106,0.050973412,0.008428441,0.999824729,3,2013
2,BS,Arg-AMC,killed,50,A,67.54680285,887.9432909,31.17327934,33.764391,0.275262494,0.82441038,3,2013
3,BS,Arg-AMC,killed,100,A,110.9308072,1181.859967,39.33495944,43.10258628,0.216933329,0.88830924,3,2013
4,BS,Arg-AMC,killed,150,A,34.82720022,1483.956275,7.132259027,7.819325724,0.128595263,0.959749171,3,2013
5,BS,Arg-AMC,killed,200,A,51.42797026,1814.524337,0.867361675,0.954316848,0.010735933,0.999715634,3,2013
6,BS,Arg-AMC,killed,250,A,49.18081077,2064.496844,21.45080177,23.60129819,0.26183335,0.84016859,3,2013
7,BS,Arg-AMC,killed,300,A,45.54365733,2408.769769,19.56047494,21.69279959,0.25825516,0.844266349,3,2013
8,BS,Arg-AMC,killed,400,A,74.23394431,2923.014272,5.532771784,6.139373331,0.0473607,0.994475733,3,2013
9,BS,Arg-AMC,killed,400,B,61.37606957,3030.769182,10.85295407,12.08578939,0.111419887,0.969680201,3,2013
10,BS,Arg-AMC,killed,400,C,36.22808248,2999.26266,3.476735455,3.871673296,0.060908577,0.990874196,3,2013
11,BS,Arg-AMC,live,0,A,-134.3992877,907.679442,102.1978518,106.2844921,0.413883662,0.633627099,3,2013
12,BS,Arg-AMC,live,50,A,49320.81915,67301.01134,5552.000787,5844.026015,0.0713633,0.98748676,3,2013
13,BS,Arg-AMC,live,100,A,60381.08851,83453.22821,5735.353863,6059.181115,0.06028904,0.991058348,3,2013
14,BS,Arg-AMC,live,150,A,87500.85814,119815.4151,9417.776014,9949.518711,0.068257051,0.988548299,3,2013
15,BS,Arg-AMC,live,200,A,41519.33278,52755.54489,3435.75248,3630.493291,0.052560956,0.993198899,3,2013
16,BS,Arg-AMC,live,250,A,71741.53038,87778.95541,4165.938029,4454.683187,0.036926221,0.996639357,3,2013
17,BS,Arg-AMC,live,300,A,64811.34043,78389.94598,2874.929004,3074.193089,0.02822095,0.998036194,3,2013
18,BS,Arg-AMC,live,400,A,114525.2224,164946.3147,11299.53423,12086.13982,0.062608918,0.990359234,3,2013
19,BS,Arg-AMC,live,400,B,83326.92996,118607.2976,6205.165568,6660.992532,0.047320274,0.994485143,3,2013
20,BS,Arg-AMC,live,400,C,84616.14576,117283.0325,6696.064555,7246.912488,0.05027388,0.993776688,3,2013
21,BS,Gly-AMC,killed,0,A,4.113614104,654.2025465,2.463210355,2.866503052,0.343477239,0.736076143,3,2013
22,BS,Gly-AMC,killed,50,A,21.80262407,1147.711922,4.594430265,5.351227571,0.132219335,0.957481664,3,2013
23,BS,Gly-AMC,killed,100,A,32.7027027,1670.054054,3.901015332,4.55953621,0.075583466,0.985970189,3,2013
24,BS,Gly-AMC,killed,150,A,31.82825485,2170.389197,7.628700233,8.924637408,0.149761924,0.945672916,3,2013
25,BS,Gly-AMC,killed,200,A,18.53394181,3067.877924,8.596030819,10.13051947,0.276464903,0.822970848,3,2013
26,BS,Gly-AMC,killed,250,A,57.39874501,3034.876783,40.72740119,47.9977026,0.39286319,0.665130565,3,2013
27,BS,Gly-AMC,killed,300,A,77.29611862,3441.325483,16.7539847,19.7638377,0.135885769,0.955127309,3,2013
28,BS,Gly-AMC,killed,400,A,58.94751854,4729.046634,13.94631897,16.62924862,0.147897607,0.946992806,3,2013
29,BS,Gly-AMC,killed,400,B,-18.94736842,4823.736842,NA,NA,NA,1,2,2013
30,BS,Gly-AMC,killed,400,C,120.3009158,4607.032418,32.0501159,38.25432918,0.165755775,0.933726341,3,2013
31,BS,Gly-AMC,live,0,A,-23.46648944,751.8502099,18.938656,21.2687406,0.43228114,0.605571939,3,2013
32,BS,Gly-AMC,live,50,A,3837.18053,6262.235517,88.99568114,100.300351,0.014762468,0.999462375,3,2013
33,BS,Gly-AMC,live,100,A,6248.339768,8994.688546,246.2766708,277.7520964,0.025079219,0.998448888,3,2013
34,BS,Gly-AMC,live,150,A,8225.838813,11066.94865,544.5599729,618.9006546,0.042083553,0.995636531,3,2013
35,BS,Gly-AMC,live,200,A,13369.93828,24983.33504,447.8866184,510.8329653,0.021318489,0.99887904,3,2013
36,BS,Gly-AMC,live,250,A,9222.509653,13933.32432,213.5304335,243.7221232,0.01473714,0.999464217,3,2013
37,BS,Gly-AMC,live,300,A,10983.39768,18203.4955,326.5707121,372.7454958,0.018923119,0.999116722,3,2013
38,BS,Gly-AMC,live,400,A,12942.01763,20425.88345,65.24453875,75.03647256,0.003209361,0.999974586,3,2013
39,BS,Gly-AMC,live,400,B,3774.639709,10091.69938,29.1761014,33.55486565,0.004920659,0.999940258,3,2013
40,BS,Gly-AMC,live,400,C,11507.18147,19406.51094,20.15153063,23.27625369,0.001114856,0.999996933,3,2013
41,BS,GlyGlyArg-AMC,killed,0,A,3.478405316,731.4012735,1.858645883,2.541974623,0.312414513,0.777896758,3,2013
42,BS,GlyGlyArg-AMC,killed,50,A,12.25913621,2118.751384,2.014012567,2.754461666,0.103662139,0.973719214,3,2013
43,BS,GlyGlyArg-AMC,killed,100,A,92.28437702,865.841317,7.683529454,10.52474231,0.052882524,0.993115618,3,2013
44,BS,GlyGlyArg-AMC,killed,150,A,375.174306,2094.786959,22.49206068,30.80916706,0.038120342,0.996418754,3,2013
45,BS,GlyGlyArg-AMC,killed,200,A,84.31578947,4226.478947,23.51942676,32.32198338,0.173179474,0.927807278,3,2013
46,BS,GlyGlyArg-AMC,killed,250,A,-66.0522918,3444.164784,14.54184684,20.13567905,0.137955284,0.953771714,3,2013
47,BS,GlyGlyArg-AMC,killed,300,A,-6.691413815,4052.956585,19.07044966,26.40630574,0.785167963,0.10961989,3,2013
48,BS,GlyGlyArg-AMC,killed,400,A,-45.83279535,6002.115074,48.42250499,67.04925652,0.517487034,0.472545246,3,2013
49,BS,GlyGlyArg-AMC,killed,400,B,-58.31504196,5233.912524,16.40360578,22.71360335,0.174565714,0.926676121,3,2013
50,BS,GlyGlyArg-AMC,killed,400,C,41.8431246,4989.494351,43.62554051,60.40703714,0.513274535,0.479154453,3,2013
51,BS,GlyGlyArg-AMC,live,50,A,50896.61538,14892.43077,1013.649426,1347.93778,0.012677149,0.999603516,3,2013
52,BS,GlyGlyArg-AMC,live,100,A,52266.87708,11807.52879,309.6400464,414.3237175,0.003771426,0.999964905,3,2013
53,BS,GlyGlyArg-AMC,live,150,A,40967.5734,9844.773845,115.6991247,155.3304339,0.001797914,0.999992024,3,2013
54,BS,GlyGlyArg-AMC,live,200,A,38932.34818,7310.139676,246.9329439,332.0188015,0.004037781,0.999959773,3,2013
55,BS,GlyGlyArg-AMC,live,250,A,51867.78947,12692.47368,115.9562435,155.9113677,0.001423232,0.999995002,3,2013
56,BS,GlyGlyArg-AMC,live,300,A,3121.870445,5141.09919,73.75591253,99.17003902,0.015037696,0.999442145,3,2013
57,BS,GlyGlyArg-AMC,live,400,A,13148.27243,7903.07309,413.4480084,559.3303972,0.020011943,0.999012186,3,2013
58,BS,GlyGlyArg-AMC,live,400,B,26340.69767,10617.16279,425.8773431,576.1453402,0.010291995,0.999738663,3,2013
59,BS,GlyGlyArg-AMC,live,400,C,34863.03099,13258.67931,92.33317975,125.1049281,0.001686055,0.999992986,3,2013
60,BS,Leu-AMC,killed,0,A,5.315143247,648.5524329,0.685258846,0.841982712,0.08162641,0.983649919,3,2013
61,BS,Leu-AMC,killed,50,A,15.21495466,986.9885759,5.906790185,7.332998001,0.235748228,0.869023525,3,2013
62,BS,Leu-AMC,killed,100,A,38.31276944,1198.012561,5.074880544,6.300221899,0.083838122,0.982757083,3,2013
63,BS,Leu-AMC,killed,150,A,30.90040928,1369.039563,9.380957307,11.66034503,0.18763999,0.915612598,3,2013
64,BS,Leu-AMC,killed,200,A,7.803547067,1676.00955,0.472592308,0.587422923,0.038507437,0.996345742,3,2013
65,BS,Leu-AMC,killed,250,A,118.9736962,2035.100426,3.231300503,4.030259742,0.017286209,0.99926289,3,2013
66,BS,Leu-AMC,killed,300,A,90.58867251,2229.365542,5.600134542,7.032243612,0.039305413,0.996192915,3,2013
67,BS,Leu-AMC,killed,400,A,68.77216917,2648.163483,2.953701923,3.713724717,0.027325445,0.998158772,3,2013
68,BS,Leu-AMC,killed,400,B,-9.208731241,3103.976126,748.6098449,941.2361021,0.992169266,0.000151294,3,2013
69,BS,Leu-AMC,killed,400,C,64.73396999,2795.204866,16.51710115,20.76714862,0.159042347,0.938876047,3,2013
70,BS,Leu-AMC,live,0,A,-9.900130833,748.8667975,12.49448426,14.91314775,0.573423324,0.385686948,3,2013
71,BS,Leu-AMC,live,50,A,67523.54993,68631.3909,5447.114726,6577.807143,0.051245053,0.99353445,3,2013
72,BS,Leu-AMC,live,100,A,86063.23594,78666.04347,4177.754891,5044.958175,0.0308791,0.997649131,3,2013
73,BS,Leu-AMC,live,150,A,95230.21805,87556.61164,3116.807677,3763.783367,0.020828613,0.998929947,3,2013
74,BS,Leu-AMC,live,200,A,57370.35083,53173.02832,2155.279366,2614.536055,0.023905179,0.998590648,3,2013
75,BS,Leu-AMC,live,250,A,71009.7458,57345.76126,1784.349627,2164.566927,0.015993766,0.99936897,3,2013
76,BS,Leu-AMC,live,300,A,69726.72481,54211.05102,3159.024999,3859.195331,0.028822858,0.997951589,3,2013
77,BS,Leu-AMC,live,400,A,98261.67457,79255.03809,8468.357798,10357.1628,0.054729741,0.992627473,3,2013
78,BS,Leu-AMC,live,400,B,82019.77256,66139.23755,3841.808161,4714.809837,0.029797507,0.997810815,3,2013
79,BS,Leu-AMC,live,400,C,54655.71875,44161.47153,2113.313117,2593.536443,0.024603227,0.998507179,3,2013
80,BS,Pyr-AMC,killed,0,A,4.415282392,671.96268,0.972480354,1.258462335,0.138013987,0.953732983,3,2013
81,BS,Pyr-AMC,killed,50,A,4.117408907,654.8878543,1.434727106,1.865656111,0.213456551,0.891726477,3,2013
82,BS,Pyr-AMC,killed,100,A,22.7854251,2430.25668,21.71024008,28.23104261,0.484619831,0.524149714,3,2013
83,BS,Pyr-AMC,killed,150,A,43.36032389,2198.376518,20.99498023,27.30095013,0.287068565,0.810078897,3,2013
84,BS,Pyr-AMC,killed,200,A,-3.643724696,2915.17004,18.00771852,23.4164462,0.872900878,0.039332089,3,2013
85,BS,Pyr-AMC,killed,250,A,46.03238866,3195.651822,10.13986019,13.18542882,0.138028184,0.953723613,3,2013
86,BS,Pyr-AMC,killed,300,A,70.12955466,3134.238462,11.40208345,14.99428968,0.102607629,0.974246566,3,2013
87,BS,Pyr-AMC,killed,400,A,274.6882591,4897.723077,1496.660194,1968.180342,0.884444563,0.032587096,3,2013
88,BS,Pyr-AMC,killed,400,B,89.47368421,5019.614035,18.53598233,24.45844544,0.130046891,0.958848055,3,2013
89,BS,Pyr-AMC,killed,400,C,103.5026186,4508.338597,21.99355422,29.20306378,0.133294454,0.956797565,3,2013
90,BS,Pyr-AMC,live,0,A,-7.375483073,755.9644149,7.042798646,8.866656937,0.485313374,0.523061514,3,2013
91,BS,Pyr-AMC,live,50,A,8.690313779,2066.107322,32.01812884,40.71747122,0.831274423,0.068613409,3,2013
92,BS,Pyr-AMC,live,100,A,222.1502551,3055.733885,17.14915044,21.83790671,0.049047339,0.994076053,3,2013
93,BS,Pyr-AMC,live,150,A,30.55831266,2333.379653,4.448319072,5.683748359,0.09202523,0.979249598,3,2013
94,BS,Pyr-AMC,live,200,A,178.3622829,3085.486352,7.736207081,9.884779755,0.02759517,0.998122267,3,2013
95,BS,Pyr-AMC,live,250,A,95.18272425,3224.045958,47.70332623,61.03658076,0.295766042,0.799246987,3,2013
96,BS,Pyr-AMC,live,300,A,42.41231551,3733.070624,14.62938327,18.78228986,0.211455276,0.893672312,3,2013
97,BS,Pyr-AMC,live,400,A,192.0314236,5225.164736,4.115029454,5.283180744,0.013639998,0.999541011,3,2013
98,BS,Pyr-AMC,live,400,B,113.4010475,5081.405491,32.7717977,42.0748703,0.17909754,0.922921843,3,2013
99,BS,Pyr-AMC,live,400,C,31.2145749,5064.463563,51.03589384,65.61746528,0.650546766,0.272239838,3,2013
100,BS2,Arg-AMC,killed,0,A,22.15116279,1122.562016,1.711910682,2.525457785,0.049102352,0.994062782,3,2013
101,BS2,Arg-AMC,killed,50,A,24.51827243,1630.545958,0.920691459,1.358229397,0.023894633,0.99859189,3,2013
102,BS2,Arg-AMC,killed,100,A,33.08646181,1859.65153,3.281892278,4.871212175,0.062941317,0.990256929,3,2013
103,BS2,Arg-AMC,killed,150,A,35.5697587,2452.959054,7.114562378,10.58320216,0.125676425,0.961532112,3,2013
104,BS2,Arg-AMC,killed,200,A,42.3986602,2655.143756,21.69177855,32.26740669,0.30105504,0.792550269,3,2013
105,BS2,Arg-AMC,killed,250,A,70.62386432,3097.115889,13.93194108,20.85012719,0.123993667,0.962542381,3,2013
106,BS2,Arg-AMC,killed,300,A,66.25672821,3554.43667,19.694894,29.48514613,0.183940514,0.918815068,3,2013
107,BS2,Arg-AMC,killed,400,A,26.63964025,4440.883082,52.65543025,78.8302316,0.701822905,0.203795656,3,2013
108,BS2,Arg-AMC,killed,400,B,45.90243238,4315.290523,16.56523621,24.79974811,0.220482914,0.884772654,3,2013
109,BS2,Arg-AMC,killed,400,C,66.35688492,4334.9876,20.17992015,30.21127682,0.187946023,0.915345159,3,2013
110,BS2,Arg-AMC,live,0,A,20.0539707,1121.609098,6.089554111,8.821489001,0.187681633,0.91557623,3,2013
111,BS2,Arg-AMC,live,50,A,3198.943625,3517.582982,145.9604143,211.4607712,0.029027358,0.997922439,3,2013
112,BS2,Arg-AMC,live,100,A,3941.48405,4393.392279,79.68394631,115.6993542,0.012868621,0.999591451,3,2013
113,BS2,Arg-AMC,live,150,A,4257.500167,4957.055374,69.5831981,101.0443805,0.01040378,0.999732956,3,2013
114,BS2,Arg-AMC,live,200,A,18714.86301,7592.955479,1877.732889,2743.735043,0.063661413,0.990033465,3,2013
115,BS2,Arg-AMC,live,250,A,4508.772392,6117.399104,150.0532741,219.2571845,0.021179077,0.998893647,3,2013
116,BS2,Arg-AMC,live,300,A,8021.167018,8632.278319,505.3107658,738.3578695,0.040052311,0.996047045,3,2013
117,BS2,Arg-AMC,live,400,A,4361.933614,7229.772655,222.3832778,324.9454679,0.032428536,0.9974075,3,2013
118,BS2,Arg-AMC,live,400,B,4186.569767,7158.997093,297.5703568,435.1854607,0.045173288,0.994973402,3,2013
119,BS2,Arg-AMC,live,400,C,-5513.558685,51474.73563,48848.90141,72040.24602,0.928447768,0.012579304,3,2013
120,BS2,Gly-AMC,killed,0,A,18.46200856,1128.178923,2.353387428,3.606963811,0.080715828,0.984010724,3,2013
121,BS2,Gly-AMC,killed,50,A,27.20583225,1878.535191,4.496227824,6.906287682,0.104269779,0.973412977,3,2013
122,BS2,Gly-AMC,killed,100,A,43.58247598,2509.125571,18.05571803,27.73391117,0.250040712,0.853508168,3,2013
123,BS2,Gly-AMC,killed,150,A,47.96647582,3248.240602,16.05405719,24.67141766,0.205611639,0.899264731,3,2013
124,BS2,Gly-AMC,killed,200,A,70.07587777,3847.796992,24.60618499,37.81408401,0.214978069,0.890236742,3,2013
125,BS2,Gly-AMC,killed,250,A,80.35648808,4627.899606,29.50731494,45.61101596,0.224038825,0.881181791,3,2013
126,BS2,Gly-AMC,killed,300,A,87.99551844,5226.272119,28.37119687,43.85485822,0.198557464,0.905836219,3,2013
127,BS2,Gly-AMC,killed,400,A,105.4731893,6605.754991,15.20574685,23.55573289,0.091151486,0.979639077,3,2013
128,BS2,Gly-AMC,killed,400,B,65.73346052,6620.992437,8.677365666,13.44239844,0.083556006,0.982872267,3,2013
129,BS2,Gly-AMC,killed,400,C,30.81964979,6728.331539,15.63412761,24.21935191,0.298863045,0.795335592,3,2013
130,BS2,Gly-AMC,live,0,A,21.67407205,1094.833994,3.292660671,4.940311959,0.095979512,0.977441831,3,2013
131,BS2,Gly-AMC,live,50,A,406.2870987,2198.665051,16.32387072,24.63949366,0.025564465,0.998388317,3,2013
132,BS2,Gly-AMC,live,100,A,598.0418342,2998.628739,7.484272141,11.30123258,0.007966645,0.999843409,3,2013
133,BS2,Gly-AMC,live,150,A,828.815153,3954.111126,183.538144,277.1421472,0.138738245,0.953253847,3,2013
134,BS2,Gly-AMC,live,200,A,760.189412,4587.889078,59.8812578,90.42055241,0.050044156,0.993833315,3,2013
135,BS2,Gly-AMC,live,250,A,795.2840249,5489.332148,68.76936705,104.0711438,0.054912843,0.992578183,3,2013
136,BS2,Gly-AMC,live,300,A,860.6117505,6221.276095,51.08028699,77.76124407,0.03774131,0.996489533,3,2013
137,BS2,Gly-AMC,live,400,A,928.8976378,7738.471129,96.42204102,146.7865258,0.065846998,0.989339872,3,2013
138,BS2,Gly-AMC,live,400,B,1200.920654,8117.243893,116.6590247,177.5939688,0.06164866,0.990651777,3,2013
139,BS2,Gly-AMC,live,400,C,839.7698365,7699.939027,74.75829228,113.8070703,0.05652439,0.992137331,3,2013
140,BS2,GlyGlyArg-AMC,killed,0,A,12.8345627,1124.00843,4.599334073,7.934129008,0.219060132,0.886195996,3,2013
141,BS2,GlyGlyArg-AMC,killed,50,A,22.01240248,2015.115556,4.608176783,7.955193675,0.131375631,0.958014859,3,2013
142,BS2,GlyGlyArg-AMC,killed,100,A,35.78515703,2793.707942,9.011930687,15.55748778,0.157056858,0.940361764,3,2013
143,BS2,GlyGlyArg-AMC,killed,150,A,37.86865512,3355.844546,11.42924184,19.77432557,0.186605358,0.916513906,3,2013
144,BS2,GlyGlyArg-AMC,killed,200,A,56.77555321,4308.657534,17.6581576,30.70541734,0.191961974,0.911800179,3,2013
145,BS2,GlyGlyArg-AMC,killed,250,A,93.61872374,4954.586184,18.74453865,32.61894832,0.125801873,0.961456281,3,2013
146,BS2,GlyGlyArg-AMC,killed,300,A,55.91318264,5940.259219,19.70428674,34.28908671,0.215698847,0.889527906,3,2013
147,BS2,GlyGlyArg-AMC,killed,400,A,66.70934187,7255.271454,7.982886699,13.89169259,0.075821633,0.985882052,3,2013
148,BS2,GlyGlyArg-AMC,killed,400,B,38.92978596,7410.218477,9.670241656,16.82800088,0.155000502,0.941882446,3,2013
149,BS2,GlyGlyArg-AMC,killed,400,C,97.50790306,8935.196786,22.39437662,39.25172488,0.143718428,0.949895783,3,2013
150,BS2,GlyGlyArg-AMC,live,0,A,17.95559112,1092.195506,1.37898824,2.342551881,0.04879657,0.994136355,3,2013
151,BS2,GlyGlyArg-AMC,live,50,A,554.7029406,2234.749217,13.71365692,23.29603102,0.015735642,0.99938917,3,2013
152,BS2,GlyGlyArg-AMC,live,100,A,726.5833167,3068.11669,1.728932492,2.937018565,0.001514858,0.999994338,3,2013
153,BS2,GlyGlyArg-AMC,live,150,A,815.7640607,3983.731626,9.312972977,15.8556233,0.0072675,0.999869686,3,2013
154,BS2,GlyGlyArg-AMC,live,200,A,974.5395573,4764.897178,49.98772995,85.10564967,0.032625984,0.997375862,3,2013
155,BS2,GlyGlyArg-AMC,live,250,A,1053.090095,5806.972866,38.28671846,65.51973497,0.023135106,0.998679946,3,2013
156,BS2,GlyGlyArg-AMC,live,300,A,1003.86196,6689.105901,22.80503144,39.02605594,0.014459794,0.999484191,3,2013
157,BS2,GlyGlyArg-AMC,live,400,A,1108.463693,8002.009769,62.21731617,106.5476796,0.035695582,0.996859394,3,2013
158,BS2,GlyGlyArg-AMC,live,400,B,1099.581916,8023.925618,8.395197253,14.37684622,0.004860433,0.999941712,3,2013
159,BS2,GlyGlyArg-AMC,live,400,C,1032.763435,8106.109984,14.68775435,25.33726317,0.009053268,0.999797781,3,2013
160,BS2,Leu-AMC,killed,0,A,13.22855767,1129.949859,2.912761692,4.65923862,0.137973995,0.953759371,3,2013
161,BS2,Leu-AMC,killed,50,A,24.22834699,1503.971084,4.074723712,6.554012442,0.10607407,0.972493492,3,2013
162,BS2,Leu-AMC,killed,100,A,38.18514255,1809.904788,9.036174864,14.53428666,0.147929186,0.946970576,3,2013
163,BS2,Leu-AMC,killed,150,A,34.89402045,2202.164962,0.605226665,0.973480259,0.011040878,0.999699252,3,2013
164,BS2,Leu-AMC,killed,200,A,47.68347204,2491.746578,0.29663708,0.478491743,0.003960336,0.999961301,3,2013
165,BS2,Leu-AMC,killed,250,A,47.65219747,2896.189341,3.779147899,6.129395253,0.050382886,0.993749728,3,2013
166,BS2,Leu-AMC,killed,300,A,41.90898625,3195.385996,1.43917271,2.33419242,0.021853211,0.998822124,3,2013
167,BS2,Leu-AMC,killed,400,A,67.06778628,3849.400014,2.966314412,4.811061637,0.028138464,0.99804765,3,2013
168,BS2,Leu-AMC,killed,400,B,64.74165369,3855.783165,2.139405887,3.469899734,0.021029624,0.998909201,3,2013
169,BS2,Leu-AMC,killed,400,C,49.04584547,3818.02878,16.07369423,26.06990458,0.201615732,0.903011502,3,2013
170,BS2,Leu-AMC,live,0,A,16.86223262,1097.82853,6.04710771,9.511254427,0.219208558,0.886047871,3,2013
171,BS2,Leu-AMC,live,50,A,2198.515716,2664.641378,38.53422892,60.60895108,0.011157137,0.999692885,3,2013
172,BS2,Leu-AMC,live,100,A,3105.88562,3475.544881,58.26118649,92.20428019,0.011940515,0.999648249,3,2013
173,BS2,Leu-AMC,live,150,A,7709.142152,6175.753274,195.2396461,308.9866876,0.016119414,0.999359019,3,2013
174,BS2,Leu-AMC,live,200,A,4175.082193,4746.034321,26.33279528,41.76898091,0.004015192,0.999960222,3,2013
175,BS2,Leu-AMC,live,250,A,4954.139212,5471.567336,103.8051084,164.6552729,0.013337275,0.999561156,3,2013
176,BS2,Leu-AMC,live,300,A,4811.212601,5767.401747,10.62889972,16.8595208,0.001406414,0.999995119,3,2013
177,BS2,Leu-AMC,live,400,A,7427.814722,7571.236744,212.6316101,339.1630324,0.018219158,0.9991812,3,2013
178,BS2,Leu-AMC,live,400,B,5353.168551,6937.840184,93.79605809,149.6116005,0.011153453,0.999693088,3,2013
179,BS2,Leu-AMC,live,400,C,4691.293972,7109.172735,182.9325004,291.9553208,0.024811806,0.998481773,3,2013
180,BS2,Pyr-AMC,killed,0,A,16.23010767,1122.90902,0.77764589,1.292897196,0.030479553,0.997709528,3,2013
181,BS2,Pyr-AMC,killed,50,A,31.15392429,1868.262714,1.5447355,2.568243752,0.03154031,0.997547459,3,2013
182,BS2,Pyr-AMC,killed,100,A,31.76135979,2582.102594,7.206419829,11.98123737,0.142039538,0.95104018,3,2013
183,BS2,Pyr-AMC,killed,150,A,64.05867971,3356.786471,20.62368565,34.36593418,0.19828842,0.906082928,3,2013
184,BS2,Pyr-AMC,killed,200,A,68.07329633,3965.58831,6.532981044,10.94351064,0.060909736,0.99087385,3,2013
185,BS2,Pyr-AMC,killed,250,A,57.9696382,4633.119441,20.05069182,33.58726404,0.21199572,0.893148369,3,2013
186,BS2,Pyr-AMC,killed,300,A,105.5025747,5403.560356,30.00306294,50.25865471,0.176386809,0.925177832,3,2013
187,BS2,Pyr-AMC,killed,400,A,100.6372317,6784.677592,5.823547274,9.761722425,0.036798066,0.996662617,3,2013
188,BS2,Pyr-AMC,killed,400,B,123.4508125,6624.873871,19.32094394,32.62916205,0.098833835,0.976091125,3,2013
189,BS2,Pyr-AMC,killed,400,C,102.0658062,6616.575269,37.34571664,63.06935335,0.223305475,0.881926258,3,2013
190,BS2,Pyr-AMC,live,0,A,15.24683416,1101.422259,4.563831308,7.463695131,0.185155633,0.917769412,3,2013
191,BS2,Pyr-AMC,live,50,A,34.51818243,1902.834191,0.925433796,1.513455528,0.017063713,0.999281738,3,2013
192,BS2,Pyr-AMC,live,100,A,59.1386199,2707.810388,14.21578912,23.24851837,0.150181797,0.945373545,3,2013
193,BS2,Pyr-AMC,live,150,A,67.54278729,3422.276284,13.23388453,21.69173222,0.123174644,0.963029419,3,2013
194,BS2,Pyr-AMC,live,200,A,78.6408969,4008.708577,32.78018435,53.76442505,0.251422491,0.851969875,3,2013
195,BS2,Pyr-AMC,live,250,A,70.78553532,4625.166114,27.88617048,45.98322189,0.238912297,0.865651774,3,2013
196,BS2,Pyr-AMC,live,300,A,130.5681587,5507.791698,43.23851897,71.2986537,0.203584825,0.901173078,3,2013
197,BS2,Pyr-AMC,live,400,A,162.4534435,6712.59037,58.2038039,95.97583259,0.219017572,0.886238454,3,2013
198,BS2,Pyr-AMC,live,400,B,123.1051345,6843.141402,62.20984441,102.8136753,0.297880632,0.796579386,3,2013
199,BS2,Pyr-AMC,live,400,C,90.19559902,6793.902608,45.65160808,75.44802042,0.298286668,0.796065662,3,2013
200,BW,Arg-AMC,killed,0,A,7.333333333,238.5666667,NA,NA,NA,1,2,2013
201,BW,Arg-AMC,killed,50,A,13.34693878,658.3428571,NA,NA,NA,1,2,2013
202,BW,Arg-AMC,killed,100,A,14.69387755,1121.285714,NA,NA,NA,1,2,2013
203,BW,Arg-AMC,killed,150,A,19.17525773,1025.443299,NA,NA,NA,1,2,2013
204,BW,Arg-AMC,killed,200,A,40.40816327,2162.612245,NA,NA,NA,1,2,2013
205,BW,Arg-AMC,killed,250,A,50.81632653,2626.22449,NA,NA,NA,1,2,2013
206,BW,Arg-AMC,killed,300,A,84.48979592,3458.734694,NA,NA,NA,1,2,2013
207,BW,Arg-AMC,killed,400,A,42.24489796,3980.367347,NA,NA,NA,1,2,2013
208,BW,Arg-AMC,killed,400,B,40.20618557,2896.969072,NA,NA,NA,1,2,2013
209,BW,Arg-AMC,killed,400,C,38.35051546,3866.247423,NA,NA,NA,1,2,2013
210,BW,Arg-AMC,live,0,A,-0.529411765,250.5,NA,NA,NA,1,2,2013
211,BW,Arg-AMC,live,50,A,19.52941176,806.9745098,NA,NA,NA,1,2,2013
212,BW,Arg-AMC,live,100,A,19.41176471,1298.676471,NA,NA,NA,1,2,2013
213,BW,Arg-AMC,live,150,A,20.58823529,999.6568627,NA,NA,NA,1,2,2013
214,BW,Arg-AMC,live,200,A,35.64356436,2253.811881,NA,NA,NA,1,2,2013
215,BW,Arg-AMC,live,250,A,26.73267327,2816.108911,NA,NA,NA,1,2,2013
216,BW,Arg-AMC,live,300,A,60,2879,NA,NA,NA,1,2,2013
217,BW,Arg-AMC,live,400,A,95.04950495,4066.247525,NA,NA,NA,1,2,2013
218,BW,Arg-AMC,live,400,B,52.65306122,4076.734694,NA,NA,NA,1,2,2013
219,BW,Arg-AMC,live,400,C,42.85714286,3938.714286,NA,NA,NA,1,2,2013
220,BW,Gly-AMC,killed,50,A,17.41935484,1084.064516,NA,NA,NA,1,2,2013
221,BW,Gly-AMC,killed,100,A,30.32258065,1825.408602,NA,NA,NA,1,2,2013
222,BW,Gly-AMC,killed,150,A,-3525.652174,8846.695652,NA,NA,NA,1,2,2013
223,BW,Gly-AMC,killed,200,A,105.8064516,3304.258065,NA,NA,NA,1,2,2013
224,BW,Gly-AMC,killed,250,A,112.2580645,3694.322581,NA,NA,NA,1,2,2013
225,BW,Gly-AMC,killed,300,A,178.7234043,4621.382979,NA,NA,NA,1,2,2013
226,BW,Gly-AMC,killed,400,A,107.8723404,6050.638298,NA,NA,NA,1,2,2013
227,BW,Gly-AMC,killed,400,B,85.80645161,7237.827957,NA,NA,NA,1,2,2013
228,BW,Gly-AMC,killed,400,C,66.4516129,6084.956989,NA,NA,NA,1,2,2013
229,BW,Gly-AMC,live,0,A,6,239.6,NA,NA,NA,1,2,2013
230,BW,Gly-AMC,live,50,A,-291.244898,959.7408163,NA,NA,NA,1,2,2013
231,BW,Gly-AMC,live,100,A,36.12244898,1722.979592,NA,NA,NA,1,2,2013
232,BW,Gly-AMC,live,150,A,3123.061224,1960.489796,NA,NA,NA,1,2,2013
233,BW,Gly-AMC,live,200,A,840.6122449,3370.897959,NA,NA,NA,1,2,2013
234,BW,Gly-AMC,live,250,A,115.6701031,4182.793814,NA,NA,NA,1,2,2013
235,BW,Gly-AMC,live,300,A,80.20408163,4916.295918,NA,NA,NA,1,2,2013
236,BW,Gly-AMC,live,400,A,110.8163265,6719.683673,NA,NA,NA,1,2,2013
237,BW,Gly-AMC,live,400,B,118.1632653,10828.33673,NA,NA,NA,1,2,2013
238,BW,Gly-AMC,live,400,C,43.91752577,3063.216495,NA,NA,NA,1,2,2013
239,BW,GlyGlyArg-AMC,killed,0,A,1.175257732,242.3731959,NA,NA,NA,1,2,2013
240,BW,GlyGlyArg-AMC,killed,50,A,5.25,727.8125,NA,NA,NA,1,2,2013
241,BW,GlyGlyArg-AMC,killed,100,A,5.625,1011.90625,NA,NA,NA,1,2,2013
242,BW,GlyGlyArg-AMC,killed,150,A,7.422680412,2183.917526,NA,NA,NA,1,2,2013
243,BW,GlyGlyArg-AMC,killed,200,A,49.48453608,8005.783505,NA,NA,NA,1,2,2013
244,BW,GlyGlyArg-AMC,killed,250,A,93.125,14578.22917,NA,NA,NA,1,2,2013
245,BW,GlyGlyArg-AMC,killed,300,A,156.25,13785.45833,NA,NA,NA,1,2,2013
246,BW,GlyGlyArg-AMC,live,0,A,3.030927835,240.7845361,NA,NA,NA,1,2,2013
247,BW,GlyGlyArg-AMC,live,50,A,4.639175258,843.2804124,NA,NA,NA,1,2,2013
248,BW,GlyGlyArg-AMC,live,100,A,1.875,1069.03125,NA,NA,NA,1,2,2013
249,BW,GlyGlyArg-AMC,live,150,A,2.5,1785.708333,NA,NA,NA,1,2,2013
250,BW,GlyGlyArg-AMC,live,200,A,24.375,8639.40625,NA,NA,NA,1,2,2013
251,BW,GlyGlyArg-AMC,live,250,A,3.092783505,3325.402062,NA,NA,NA,1,2,2013
252,BW,GlyGlyArg-AMC,live,300,A,155.8762887,13065.46392,NA,NA,NA,1,2,2013
253,BW,GlyGlyArg-AMC,live,400,A,95,11874.33333,NA,NA,NA,1,2,2013
254,BW,GlyGlyArg-AMC,live,400,B,127.5,10190,NA,NA,NA,1,2,2013
255,BW,GlyGlyArg-AMC,live,400,C,60.6185567,7276.670103,NA,NA,NA,1,2,2013
256,BW,Leu-AMC,killed,0,A,-0.516129032,247.8892473,NA,NA,NA,1,2,2013
257,BW,Leu-AMC,killed,50,A,21.31914894,837.3829787,NA,NA,NA,1,2,2013
258,BW,Leu-AMC,killed,100,A,19.85106383,934.4904255,NA,NA,NA,1,2,2013
259,BW,Leu-AMC,killed,150,A,59.36170213,1438.244681,NA,NA,NA,1,2,2013
260,BW,Leu-AMC,killed,200,A,52.9787234,1895.691489,NA,NA,NA,1,2,2013
261,BW,Leu-AMC,killed,250,A,70.10526316,2487.126316,NA,NA,NA,1,2,2013
262,BW,Leu-AMC,killed,300,A,-3098.526316,8673.768421,NA,NA,NA,1,2,2013
263,BW,Leu-AMC,killed,400,A,100.212766,3362.914894,NA,NA,NA,1,2,2013
264,BW,Leu-AMC,killed,400,B,112.9787234,3160.808511,NA,NA,NA,1,2,2013
265,BW,Leu-AMC,killed,400,C,315.1578947,2926.936842,NA,NA,NA,1,2,2013
266,BW,Leu-AMC,live,0,A,3.510638298,238.9882979,NA,NA,NA,1,2,2013
267,BW,Leu-AMC,live,50,A,11.87096774,617.9430108,NA,NA,NA,1,2,2013
268,BW,Leu-AMC,live,100,A,27.09677419,1042.967742,NA,NA,NA,1,2,2013
269,BW,Leu-AMC,live,150,A,40.21276596,1351.595745,NA,NA,NA,1,2,2013
270,BW,Leu-AMC,live,200,A,63.87096774,1777.645161,NA,NA,NA,1,2,2013
271,BW,Leu-AMC,live,250,A,72.25806452,2121.709677,NA,NA,NA,1,2,2013
272,BW,Leu-AMC,live,300,A,27.09677419,2568.516129,NA,NA,NA,1,2,2013
273,BW,Leu-AMC,live,400,A,103.4042553,3096.808511,NA,NA,NA,1,2,2013
274,BW,Leu-AMC,live,400,B,80.42553191,3176.851064,NA,NA,NA,1,2,2013
275,BW,Leu-AMC,live,400,C,49.67741935,3273.784946,NA,NA,NA,1,2,2013
276,BW,Pyr-AMC,killed,0,A,-2.75,254.1375,NA,NA,NA,1,2,2013
277,BW,Pyr-AMC,killed,50,A,-4.375,255.8416667,NA,NA,NA,1,2,2013
278,BW,Pyr-AMC,killed,100,A,-0.625,243.2916667,NA,NA,NA,1,2,2013
279,BW,Pyr-AMC,killed,150,A,-2.1875,249.4208333,NA,NA,NA,1,2,2013
280,BW,Pyr-AMC,killed,200,A,6.6875,247.2791667,NA,NA,NA,1,2,2013
281,BW,Pyr-AMC,killed,250,A,2.907216495,252.843299,NA,NA,NA,1,2,2013
282,BW,Pyr-AMC,killed,300,A,3.875,236.5270833,NA,NA,NA,1,2,2013
283,BW,Pyr-AMC,killed,400,A,-0.0625,241.4302083,NA,NA,NA,1,2,2013
284,BW,Pyr-AMC,killed,400,B,7.5625,238.8447917,NA,NA,NA,1,2,2013
285,BW,Pyr-AMC,killed,400,C,-2.8125,249.859375,NA,NA,NA,1,2,2013
286,BW,Pyr-AMC,live,0,A,4.340425532,240.9914894,NA,NA,NA,1,2,2013
287,BW,Pyr-AMC,live,50,A,1.831578947,243.5368421,NA,NA,NA,1,2,2013
288,BW,Pyr-AMC,live,100,A,-1.010526316,247.7210526,NA,NA,NA,1,2,2013
289,BW,Pyr-AMC,live,150,A,-7.957894737,258.2157895,NA,NA,NA,1,2,2013
290,BW,Pyr-AMC,live,200,A,1.787234043,248.5255319,NA,NA,NA,1,2,2013
291,BW,Pyr-AMC,live,250,A,-3.978947368,258.9242105,NA,NA,NA,1,2,2013
292,BW,Pyr-AMC,live,300,A,5.431578947,240.9463158,NA,NA,NA,1,2,2013
293,BW,Pyr-AMC,live,400,A,149.7473684,190.6094737,NA,NA,NA,1,2,2013
294,BW,Pyr-AMC,live,400,B,3.347368421,245.1936842,NA,NA,NA,1,2,2013
295,BW,Pyr-AMC,live,400,C,-6.4375,258.996875,NA,NA,NA,1,2,2013
296,DR,Arg-AMC,killed,0,A,4.54999772,319.7994483,6.347404286,12.95975152,0.604066473,0.339429307,3,2013
297,DR,Arg-AMC,killed,50,A,20.9943915,845.4427431,5.019638194,10.2487979,0.149407263,0.945925186,3,2013
298,DR,Arg-AMC,killed,100,A,26.65815512,1338.27354,2.520954894,5.147135356,0.060024079,0.991136537,3,2013
299,DR,Arg-AMC,killed,150,A,49.3915884,1821.857493,31.72715362,64.97614685,0.363500495,0.707901623,3,2013
300,DR,Arg-AMC,killed,200,A,34.7275546,2412.489421,32.44307835,66.6853835,0.478356875,0.533970752,3,2013
301,DR,Arg-AMC,killed,250,A,52.56121472,2556.937942,5.994375828,12.32118749,0.072291354,0.987160593,3,2013
302,DR,Arg-AMC,killed,300,A,137.2892253,3334.704368,87.8898701,180.6539327,0.362517498,0.709304907,3,2013
303,DR,Arg-AMC,killed,400,A,64.52920523,4531.99218,9.536507,19.60188918,0.093407319,0.978626146,3,2013
304,DR,Arg-AMC,killed,400,B,80.98815843,4287.653464,30.53897667,62.96182801,0.229560361,0.875511868,3,2013
305,DR,Arg-AMC,killed,400,C,62.57954754,4170.267105,45.5439845,93.90666981,0.400514263,0.65374003,3,2013
306,DR,Arg-AMC,live,0,A,4.943687018,300.9194428,2.574975356,5.152155658,0.305702934,0.786598553,3,2013
307,DR,Arg-AMC,live,50,A,986.9983447,1906.752713,9.537907151,19.14347527,0.006151815,0.999906625,3,2013
308,DR,Arg-AMC,live,100,A,1333.292144,2737.141808,2.646528775,5.331269779,0.001263662,0.99999606,3,2013
309,DR,Arg-AMC,live,150,A,1519.271351,3588.309334,52.50409817,105.7662832,0.021992023,0.998807118,3,2013
310,DR,Arg-AMC,live,200,A,1586.574712,4195.96603,101.4660652,204.3971605,0.040658315,0.995926685,3,2013
311,DR,Arg-AMC,live,250,A,1724.810127,4821.063291,107.4309995,217.0812235,0.039601148,0.996135484,3,2013
312,DR,Arg-AMC,live,300,A,1744.536546,5503.848033,133.9032991,270.5726665,0.048768638,0.994143053,3,2013
313,DR,Arg-AMC,live,400,A,1905.576605,6938.212065,89.76910007,181.3987493,0.029968129,0.997785691,3,2013
314,DR,Arg-AMC,live,400,B,1837.333455,7032.318317,26.75908324,54.26921235,0.00927113,0.999787932,3,2013
315,DR,Arg-AMC,live,400,C,1646.868816,6574.701245,59.87267873,121.425801,0.023134418,0.998680025,3,2013
316,DR,Gly-AMC,killed,0,A,3.72212803,319.9322641,1.712923087,3.604909237,0.274576494,0.825229591,3,2013
317,DR,Gly-AMC,killed,50,A,26.61274802,1247.279842,7.307424179,15.37874124,0.17060076,0.92988988,3,2013
318,DR,Gly-AMC,killed,100,A,64.71245933,2238.060349,9.2384509,19.44265755,0.09027483,0.980026223,3,2013
319,DR,Gly-AMC,killed,150,A,54.9085769,3046.299895,23.36621914,49.32031466,0.256134079,0.846674917,3,2013
320,DR,Gly-AMC,killed,200,A,65.68556772,3965.622164,26.91606475,56.82319686,0.247582374,0.856228475,3,2013
321,DR,Gly-AMC,killed,250,A,88.33796908,4582.954722,19.9307073,42.34634778,0.141268063,0.951561842,3,2013
322,DR,Gly-AMC,killed,300,A,97.332087,5369.631845,92.41526845,196.3527455,0.483507314,0.525895061,3,2013
323,DR,Gly-AMC,killed,400,A,92.03000319,6928.057772,29.67097569,63.04128783,0.198551165,0.905841998,3,2013
324,DR,Gly-AMC,killed,400,B,49.63658748,6950.090511,18.55650256,39.42660435,0.227756881,0.877376324,3,2013
325,DR,Gly-AMC,killed,400,C,53.99755002,6825.704369,0.848697823,1.808509811,0.010005145,0.999753026,3,2013
326,DR,Gly-AMC,live,0,A,5.551456842,294.4675072,2.203703145,4.559944098,0.24056744,0.863873576,3,2013
327,DR,Gly-AMC,live,50,A,436.3621239,1745.578354,54.93192052,113.6796842,0.07972221,0.984399912,3,2013
328,DR,Gly-AMC,live,100,A,753.5092882,3005.956226,44.63128897,92.64103781,0.037663773,0.996503926,3,2013
329,DR,Gly-AMC,live,150,A,935.9285942,3869.923373,47.87208048,99.71860635,0.032534295,0.997390577,3,2013
330,DR,Gly-AMC,live,200,A,1167.299713,5188.165496,124.2731251,258.8636784,0.067521515,0.988792855,3,2013
331,DR,Gly-AMC,live,250,A,1482.963841,6463.101363,176.2441266,367.1204282,0.075306405,0.986072378,3,2013
332,DR,Gly-AMC,live,300,A,1381.210615,7358.908326,116.5159763,242.7053652,0.053577035,0.992934034,3,2013
333,DR,Gly-AMC,live,400,A,1685.851934,9142.189981,115.8646659,241.3821458,0.043684695,0.995298715,3,2013
334,DR,Gly-AMC,live,400,B,1434.863441,8879.570036,124.5861528,259.5517165,0.05513806,0.992517331,3,2013
335,DR,Gly-AMC,live,400,C,1378.888174,9095.600009,28.2744472,59.08076629,0.013052219,0.999579711,3,2013
336,DR,GlyGlyArg-AMC,killed,0,A,3.25658735,315.2049175,1.89543173,4.356477863,0.335563241,0.746960437,3,2013
337,DR,GlyGlyArg-AMC,killed,50,A,11.76528739,1250.469425,8.69572182,20.04037772,0.405201112,0.646718192,3,2013
338,DR,GlyGlyArg-AMC,killed,100,A,19.19644118,2147.607118,9.136011533,21.05508039,0.282786794,0.815326912,3,2013
339,DR,GlyGlyArg-AMC,killed,150,A,23.98813727,3127.023725,30.45337178,70.1836013,0.575249742,0.382895899,3,2013
340,DR,GlyGlyArg-AMC,killed,200,A,0.372208437,4061.586849,2.965546048,6.837389961,0.920512909,0.015508685,3,2013
341,DR,GlyGlyArg-AMC,killed,250,A,63.69979658,4799.559298,26.55472568,61.41806931,0.251443752,0.851946154,3,2013
342,DR,GlyGlyArg-AMC,killed,300,A,31.94427362,5652.756516,34.89747668,80.71390633,0.528108862,0.455904065,3,2013
343,DR,GlyGlyArg-AMC,killed,400,A,0.199124417,7724.598432,82.66439351,191.7072789,0.998466495,5.80E-06,3,2013
344,DR,GlyGlyArg-AMC,killed,400,B,41.87120463,7205.893071,21.34182078,49.49388988,0.300089031,0.793779474,3,2013
345,DR,GlyGlyArg-AMC,killed,400,C,46.24249018,7144.563839,29.26108068,68.10204114,0.359162178,0.714079703,3,2013
346,DR,GlyGlyArg-AMC,live,0,A,5.721344975,297.5798068,3.268469646,7.435385982,0.330425671,0.753944952,3,2013
347,DR,GlyGlyArg-AMC,live,50,A,211.0083322,1519.35028,26.86011851,61.12712722,0.080604449,0.984054585,3,2013
348,DR,GlyGlyArg-AMC,live,100,A,315.374947,2556.762604,38.37124844,87.32367222,0.077077832,0.985412676,3,2013
349,DR,GlyGlyArg-AMC,live,150,A,362.4106765,3524.259003,27.4080346,62.37405159,0.048054173,0.994313082,3,2013
350,DR,GlyGlyArg-AMC,live,200,A,376.7561079,4633.379654,25.88658904,58.91160981,0.043672959,0.995301236,3,2013
351,DR,GlyGlyArg-AMC,live,250,A,428.4692211,5268.963481,26.67796369,60.90711047,0.039587028,0.996138236,3,2013
352,DR,GlyGlyArg-AMC,live,300,A,480.4787459,6246.050487,32.911656,75.37349401,0.043538938,0.995329986,3,2013
353,DR,GlyGlyArg-AMC,live,400,A,580.3883632,7906.56308,51.78051623,118.5865102,0.056647334,0.992103181,3,2013
354,DR,GlyGlyArg-AMC,live,400,B,484.0036718,7915.392718,24.27219342,55.58760172,0.031898982,0.997491409,3,2013
355,DR,GlyGlyArg-AMC,live,400,C,406.031634,8052.703926,5.393548977,12.35217795,0.008456085,0.999823578,3,2013
356,DR,Leu-AMC,killed,0,A,3.590675005,318.730481,6.098813074,13.25560078,0.661250655,0.257403501,3,2013
357,DR,Leu-AMC,killed,50,A,2.026669119,762.5398473,1.640940539,3.566538672,0.433290881,0.604021071,3,2013
358,DR,Leu-AMC,killed,100,A,16.88155233,1024.623368,9.877181403,21.46777937,0.337015104,0.744974893,3,2013
359,DR,Leu-AMC,killed,150,A,35.81450159,1729.409839,3.186512438,6.950864518,0.056493016,0.992146034,3,2013
360,DR,Leu-AMC,killed,200,A,39.83640649,1974.302648,6.641969408,14.48838829,0.105176848,0.972952625,3,2013
361,DR,Leu-AMC,killed,250,A,42.0066213,2321.387714,13.80989562,30.21040708,0.202206101,0.902461926,3,2013
362,DR,Leu-AMC,killed,300,A,58.6757403,2759.457237,8.018340781,17.54085228,0.086461797,0.981667724,3,2013
363,DR,Leu-AMC,killed,400,A,71.09345952,3478.1325,5.260259086,11.89485597,0.047018303,0.994555176,3,2013
364,DR,Leu-AMC,killed,400,B,7.810038682,3653.46465,6.136482378,13.42788089,0.423970364,0.618294729,3,2013
365,DR,Leu-AMC,killed,400,C,39.82392902,3451.328666,9.497103763,20.85081547,0.149035701,0.946188884,3,2013
366,DR,Leu-AMC,live,0,A,3.615139332,297.5594159,3.002093331,6.421772182,0.441188957,0.591855479,3,2013
367,DR,Leu-AMC,live,50,A,3003.99695,3870.138823,78.44775798,167.8074511,0.016621204,0.9993185,3,2013
368,DR,Leu-AMC,live,100,A,4457.406072,5634.335736,68.4776,146.480305,0.009779402,0.999764044,3,2013
369,DR,Leu-AMC,live,150,A,6093.608591,8129.797775,452.9355115,975.010247,0.047232838,0.994505467,3,2013
370,DR,Leu-AMC,live,200,A,6717.05075,9110.674753,249.97258,538.1027118,0.023680643,0.998616986,3,2013
371,DR,Leu-AMC,live,250,A,7677.662554,9944.579694,111.7704657,240.6576333,0.009267178,0.999788113,3,2013
372,DR,Leu-AMC,live,300,A,7850.654374,11504.31122,579.649905,1248.068293,0.046919427,0.99457801,3,2013
373,DR,Leu-AMC,live,400,A,8759.097848,14679.64392,23.97378766,51.76874508,0.001742434,0.999992509,3,2013
374,DR,Leu-AMC,live,400,B,7478.792533,13792.31138,147.5269576,318.5681616,0.012556358,0.999611035,3,2013
375,DR,Leu-AMC,live,400,C,6589.409512,12820.69039,84.91637537,183.9872944,0.008203535,0.999833958,3,2013
376,DR,Pyr-AMC,killed,0,A,0.93877551,332.3006803,1.290201112,2.879281952,0.599551477,0.346161711,3,2013
377,DR,Pyr-AMC,killed,50,A,7.857142857,1208.27381,11.95939843,26.68923453,0.629952165,0.301495017,3,2013
378,DR,Pyr-AMC,killed,100,A,39.08163265,2015.426871,20.79639235,46.41034379,0.311318322,0.779326552,3,2013
379,DR,Pyr-AMC,killed,150,A,57.34975877,2682.761019,20.45943944,45.80711674,0.21815313,0.88709933,3,2013
380,DR,Pyr-AMC,killed,200,A,90.88669259,3859.962246,57.12871313,127.9068099,0.357247397,0.716793909,3,2013
381,DR,Pyr-AMC,killed,250,A,83.33178525,4279.021503,41.60879624,93.46212754,0.294818186,0.800438448,3,2013
382,DR,Pyr-AMC,killed,300,A,141.4984308,5158.650265,29.86163009,67.28567868,0.132408455,0.957361705,3,2013
383,DR,Pyr-AMC,killed,400,A,147.9329243,6366.841164,7.68141695,17.30814263,0.03302682,0.997311044,3,2013
384,DR,Pyr-AMC,killed,400,B,165.0653426,6530.623308,9.789182184,22.05746187,0.037710498,0.996495256,3,2013
385,DR,Pyr-AMC,killed,400,C,121.2149359,7005.304291,70.78466601,160.0109256,0.336480184,0.745707036,3,2013
386,DR,Pyr-AMC,live,0,A,2.221093349,309.5626136,1.536784419,3.384610444,0.385328145,0.676255155,3,2013
387,DR,Pyr-AMC,live,50,A,39.83315468,1199.868854,2.126216073,4.682773353,0.033949303,0.997158879,3,2013
388,DR,Pyr-AMC,live,100,A,78.65545044,2054.635876,58.93590041,129.8002905,0.40937697,0.64043508,3,2013
389,DR,Pyr-AMC,live,150,A,75.34728962,2806.095938,21.5683909,47.65923947,0.177488118,0.924264984,3,2013
390,DR,Pyr-AMC,live,200,A,86.24385217,3719.094946,22.99070485,50.81799134,0.165851874,0.933651219,3,2013
391,DR,Pyr-AMC,live,250,A,133.3117398,4439.448315,16.36798911,36.28169214,0.077774794,0.985148997,3,2013
392,DR,Pyr-AMC,live,300,A,162.9076758,5237.380459,88.93056132,197.1256962,0.31811029,0.770414922,3,2013
393,DR,Pyr-AMC,live,400,A,176.2110079,7227.199085,58.71875558,130.5847663,0.204773432,0.900055913,3,2013
394,DR,Pyr-AMC,live,400,B,173.8278109,6622.393826,15.15214279,33.69688282,0.05535267,0.992459117,3,2013
395,DR,Pyr-AMC,live,400,C,54.8133402,6979.216802,85.88534851,191.0631778,0.638370663,0.289428908,3,2013
396,GW,Arg-AMC,killed,0,A,0.328125,265.7671875,NA,NA,NA,1,2,2013
397,GW,Arg-AMC,killed,50,A,-2.53125,790.3953125,NA,NA,NA,1,2,2013
398,GW,Arg-AMC,killed,100,A,7.96875,1267.070313,NA,NA,NA,1,2,2013
399,GW,Arg-AMC,killed,150,A,11.71875,1747.632813,NA,NA,NA,1,2,2013
400,GW,Arg-AMC,killed,200,A,20.45454545,2331.272727,NA,NA,NA,1,2,2013
401,GW,Arg-AMC,killed,250,A,21.98473282,2698.70229,NA,NA,NA,1,2,2013
402,GW,Arg-AMC,killed,300,A,16.03053435,3133.59542,NA,NA,NA,1,2,2013
403,GW,Arg-AMC,killed,400,A,1.374045802,4399.793893,NA,NA,NA,1,2,2013
404,GW,Arg-AMC,killed,400,B,-38.18181818,4185.727273,NA,NA,NA,1,2,2013
405,GW,Arg-AMC,killed,400,C,-47.17557252,4291.862595,NA,NA,NA,1,2,2013
406,GW,Arg-AMC,live,0,A,1.145038168,256.1,NA,NA,NA,1,2,2013
407,GW,Arg-AMC,live,50,A,7.384615385,760.0538462,NA,NA,NA,1,2,2013
408,GW,Arg-AMC,live,100,A,-3.255813953,1287.162791,NA,NA,NA,1,2,2013
409,GW,Arg-AMC,live,150,A,-0.461538462,1751.023077,NA,NA,NA,1,2,2013
410,GW,Arg-AMC,live,200,A,-10.69767442,2230.713178,NA,NA,NA,1,2,2013
411,GW,Arg-AMC,live,250,A,27.90697674,2603.139535,NA,NA,NA,1,2,2013
412,GW,Arg-AMC,live,300,A,12.09302326,3134.193798,NA,NA,NA,1,2,2013
413,GW,Arg-AMC,live,400,A,-22.3255814,4132.860465,NA,NA,NA,1,2,2013
414,GW,Arg-AMC,live,400,B,-29.30232558,4055.44186,NA,NA,NA,1,2,2013
415,GW,Arg-AMC,live,400,C,-64.6875,4155.46875,NA,NA,NA,1,2,2013
416,GW,Gly-AMC,killed,0,A,5.267175573,246.6709924,NA,NA,NA,1,2,2013
417,GW,Gly-AMC,killed,50,A,15.23076923,1152.192308,NA,NA,NA,1,2,2013
418,GW,Gly-AMC,killed,100,A,42,1934.5,NA,NA,NA,1,2,2013
419,GW,Gly-AMC,killed,150,A,57.69230769,2773.576923,NA,NA,NA,1,2,2013
420,GW,Gly-AMC,killed,200,A,67.32824427,3659.167939,NA,NA,NA,1,2,2013
421,GW,Gly-AMC,killed,250,A,56.76923077,4374.861538,NA,NA,NA,1,2,2013
422,GW,Gly-AMC,killed,300,A,51.69230769,5612.215385,NA,NA,NA,1,2,2013
423,GW,Gly-AMC,killed,400,A,96.92307692,6585.153846,NA,NA,NA,1,2,2013
424,GW,Gly-AMC,killed,400,B,61.83206107,6820.51145,NA,NA,NA,1,2,2013
425,GW,Gly-AMC,killed,400,C,3.20610687,7398.145038,NA,NA,NA,1,2,2013
426,GW,Gly-AMC,live,0,A,4.442748092,241.159542,NA,NA,NA,1,2,2013
427,GW,Gly-AMC,live,50,A,14.24427481,764.5885496,NA,NA,NA,1,2,2013
428,GW,Gly-AMC,live,100,A,43.84615385,1948.230769,NA,NA,NA,1,2,2013
429,GW,Gly-AMC,live,150,A,42.92307692,2809.415385,NA,NA,NA,1,2,2013
430,GW,Gly-AMC,live,200,A,67.38461538,3311.523077,NA,NA,NA,1,2,2013
431,GW,Gly-AMC,live,250,A,114.4615385,4888.107692,NA,NA,NA,1,2,2013
432,GW,Gly-AMC,live,300,A,102.4615385,5260.8,NA,NA,NA,1,2,2013
433,GW,Gly-AMC,live,400,A,78.92307692,6665.9,NA,NA,NA,1,2,2013
434,GW,Gly-AMC,live,400,B,325.8461538,6890.4,NA,NA,NA,1,2,2013
435,GW,Gly-AMC,live,400,C,44.76923077,6948.3,NA,NA,NA,1,2,2013
436,GW,GlyGlyArg-AMC,killed,0,A,-7.171875,291.5445313,NA,NA,NA,1,2,2013
437,GW,GlyGlyArg-AMC,killed,50,A,18.8976378,1205.291339,NA,NA,NA,1,2,2013
438,GW,GlyGlyArg-AMC,killed,100,A,25.98425197,2172.275591,NA,NA,NA,1,2,2013
439,GW,GlyGlyArg-AMC,killed,150,A,54.80314961,3155.944882,NA,NA,NA,1,2,2013
440,GW,GlyGlyArg-AMC,killed,200,A,72.65625,4219.828125,NA,NA,NA,1,2,2013
441,GW,GlyGlyArg-AMC,killed,250,A,63.75,4798.875,NA,NA,NA,1,2,2013
442,GW,GlyGlyArg-AMC,killed,300,A,120.4724409,5584.724409,NA,NA,NA,1,2,2013
443,GW,GlyGlyArg-AMC,killed,400,A,114.8031496,7371.031496,NA,NA,NA,1,2,2013
444,GW,GlyGlyArg-AMC,killed,400,B,156.8503937,7142.503937,NA,NA,NA,1,2,2013
445,GW,GlyGlyArg-AMC,killed,400,C,175.7480315,6842.480315,NA,NA,NA,1,2,2013
446,GW,GlyGlyArg-AMC,live,0,A,12.61417323,220.3826772,NA,NA,NA,1,2,2013
447,GW,GlyGlyArg-AMC,live,50,A,19.37007874,1251.992126,NA,NA,NA,1,2,2013
448,GW,GlyGlyArg-AMC,live,100,A,38.90625,2307.898438,NA,NA,NA,1,2,2013
449,GW,GlyGlyArg-AMC,live,150,A,32.8125,2698.046875,NA,NA,NA,1,2,2013
450,GW,GlyGlyArg-AMC,live,200,A,55.78125,4012.179688,NA,NA,NA,1,2,2013
451,GW,GlyGlyArg-AMC,live,250,A,43.93700787,5069.566929,NA,NA,NA,1,2,2013
452,GW,GlyGlyArg-AMC,live,300,A,31.65354331,6087.11811,NA,NA,NA,1,2,2013
453,GW,GlyGlyArg-AMC,live,400,A,77.34375,7324.75,NA,NA,NA,1,2,2013
454,GW,GlyGlyArg-AMC,live,400,B,121.875,7188,NA,NA,NA,1,2,2013
455,GW,GlyGlyArg-AMC,live,400,C,34.96062992,7476.771654,NA,NA,NA,1,2,2013
456,GW,Leu-AMC,killed,0,A,4.790697674,253.1232558,NA,NA,NA,1,2,2013
457,GW,Leu-AMC,killed,50,A,17.35384615,744.6261538,NA,NA,NA,1,2,2013
458,GW,Leu-AMC,killed,100,A,26.30769231,1043.792308,NA,NA,NA,1,2,2013
459,GW,Leu-AMC,killed,150,A,46.51162791,1539.945736,NA,NA,NA,1,2,2013
460,GW,Leu-AMC,killed,200,A,50.23255814,2242.581395,NA,NA,NA,1,2,2013
461,GW,Leu-AMC,killed,250,A,73.38461538,2407.092308,NA,NA,NA,1,2,2013
462,GW,Leu-AMC,killed,300,A,70.61538462,2725.107692,NA,NA,NA,1,2,2013
463,GW,Leu-AMC,killed,400,A,89.76744186,3484.589147,NA,NA,NA,1,2,2013
464,GW,Leu-AMC,killed,400,B,48.37209302,3355.457364,NA,NA,NA,1,2,2013
465,GW,Leu-AMC,killed,400,C,39.23076923,3685.961538,NA,NA,NA,1,2,2013
466,GW,Leu-AMC,live,0,A,3.984732824,235.6709924,NA,NA,NA,1,2,2013
467,GW,Leu-AMC,live,50,A,21.83076923,691.7507692,NA,NA,NA,1,2,2013
468,GW,Leu-AMC,live,100,A,34.15384615,1150.753846,NA,NA,NA,1,2,2013
469,GW,Leu-AMC,live,150,A,63.20610687,1479.038168,NA,NA,NA,1,2,2013
470,GW,Leu-AMC,live,200,A,50.38167939,2026.885496,NA,NA,NA,1,2,2013
471,GW,Leu-AMC,live,250,A,65.07692308,2184.392308,NA,NA,NA,1,2,2013
472,GW,Leu-AMC,live,300,A,62.76923077,2827.123077,NA,NA,NA,1,2,2013
473,GW,Leu-AMC,live,400,A,119.0697674,4464.310078,NA,NA,NA,1,2,2013
474,GW,Leu-AMC,live,400,B,92.30769231,3755.230769,NA,NA,NA,1,2,2013
475,GW,Leu-AMC,live,400,C,38.76923077,3641.076923,NA,NA,NA,1,2,2013
476,GW,Pyr-AMC,killed,0,A,3.209302326,243.655814,NA,NA,NA,1,2,2013
477,GW,Pyr-AMC,killed,50,A,33.48837209,1138.930233,NA,NA,NA,1,2,2013
478,GW,Pyr-AMC,killed,100,A,58.125,2161.875,NA,NA,NA,1,2,2013
479,GW,Pyr-AMC,killed,150,A,66.09375,2691.15625,NA,NA,NA,1,2,2013
480,GW,Pyr-AMC,killed,200,A,83.90625,3446.84375,NA,NA,NA,1,2,2013
481,GW,Pyr-AMC,killed,250,A,144.6511628,4113.496124,NA,NA,NA,1,2,2013
482,GW,Pyr-AMC,killed,300,A,121.40625,4848.320313,NA,NA,NA,1,2,2013
483,GW,Pyr-AMC,killed,400,A,185.625,6361.28125,NA,NA,NA,1,2,2013
484,GW,Pyr-AMC,killed,400,B,117.65625,6806.132813,NA,NA,NA,1,2,2013
485,GW,Pyr-AMC,killed,400,C,175.7480315,6408.125984,NA,NA,NA,1,2,2013
486,GW,Pyr-AMC,live,0,A,4.88372093,236.2465116,NA,NA,NA,1,2,2013
487,GW,Pyr-AMC,live,50,A,34.21875,1158.742188,NA,NA,NA,1,2,2013
488,GW,Pyr-AMC,live,100,A,43.72093023,1959.782946,NA,NA,NA,1,2,2013
489,GW,Pyr-AMC,live,150,A,80.93023256,2794.27907,NA,NA,NA,1,2,2013
490,GW,Pyr-AMC,live,200,A,82.79069767,3247.503876,NA,NA,NA,1,2,2013
491,GW,Pyr-AMC,live,250,A,125.15625,4288.765625,NA,NA,NA,1,2,2013
492,GW,Pyr-AMC,live,300,A,126.5625,4875.15625,NA,NA,NA,1,2,2013
493,GW,Pyr-AMC,live,400,A,153.0232558,6230.689922,NA,NA,NA,1,2,2013
494,GW,Pyr-AMC,live,400,B,164.1860465,6952.852713,NA,NA,NA,1,2,2013
495,GW,Pyr-AMC,live,400,C,105.5813953,6273.248062,NA,NA,NA,1,2,2013
496,LL,Arg-AMC,killed,0,A,-307.8677567,1363.584417,692.1719951,1270.46248,0.699978233,0.090013061,4,2013
497,LL,Arg-AMC,killed,50,A,34.05800725,1897.595356,21.01221388,38.80865459,0.246492116,0.567774132,4,2013
498,LL,Arg-AMC,killed,100,A,-41.88898612,4627.031629,116.393823,214.9743811,0.75337962,0.060821612,4,2013
499,LL,Arg-AMC,killed,150,A,46.65624023,2590.849234,22.30548004,41.34460437,0.171577663,0.686283568,4,2013
500,LL,Arg-AMC,killed,200,A,52.22646231,2855.354645,22.17459948,41.10200906,0.142679064,0.734999187,4,2013
501,LL,Arg-AMC,killed,250,A,56.62183297,3160.651705,20.93018242,38.79540409,0.113787225,0.785373083,4,2013
502,LL,Arg-AMC,killed,300,A,66.67375665,3715.711292,30.13806393,56.27677665,0.157444446,0.709899862,4,2013
503,LL,Arg-AMC,killed,400,A,152.7644667,4310.988114,11.63561322,21.72716893,0.005751413,0.988530254,4,2013
504,LL,Arg-AMC,killed,400,B,-71.57022208,4752.587426,240.927282,449.8832727,0.794431957,0.04225822,4,2013
505,LL,Arg-AMC,killed,400,C,71.38099412,4310.609459,43.47323574,81.46802669,0.242301914,0.57410639,4,2013
506,LL,Arg-AMC,live,0,A,-1.172932331,245.281203,2.565548613,4.562623023,0.692395277,0.094620666,4,2013
507,LL,Arg-AMC,live,50,A,-9.437857244,3179.670569,1336.072161,2387.417812,0.995005143,2.49E-05,4,2013
508,LL,Arg-AMC,live,100,A,716.0087864,2299.31215,1901.568591,3423.593689,0.742712314,0.066196954,4,2013
509,LL,Arg-AMC,live,150,A,-357.6011229,4376.656647,1775.585238,3208.018969,0.859011887,0.019877648,4,2013
510,LL,Arg-AMC,live,200,A,2013.591457,3477.452601,146.2835842,265.2391621,0.005236328,0.989554763,4,2013
511,LL,Arg-AMC,live,250,A,2533.877696,3613.222574,25.2869443,46.01087123,9.96E-05,0.999800857,4,2013
512,LL,Arg-AMC,live,300,A,2392.690015,3604.093145,62.22020545,113.3468936,0.000675538,0.99864938,4,2013
513,LL,Arg-AMC,live,400,A,2168.513083,4510.301318,70.47108804,128.7343673,0.001054413,0.997892287,4,2013
514,LL,Arg-AMC,live,400,B,2289.42734,4520.437551,6.124422137,11.18790174,7.16E-06,0.999985688,4,2013
515,LL,Arg-AMC,live,400,C,2152.424053,4253.86392,20.49685624,37.57679338,9.07E-05,0.99981867,4,2013
516,LL,Gly-AMC,killed,0,A,1.073607,275.6393353,0.278837596,0.535841177,0.061315997,0.881127658,4,2013
517,LL,Gly-AMC,killed,50,A,73.44318237,2716.098815,12.0724628,23.29256305,0.02597217,0.948730214,4,2013
518,LL,Gly-AMC,killed,150,A,106.3848095,3957.601604,14.01551737,27.20769767,0.016917196,0.9664518,4,2013
519,LL,Gly-AMC,killed,200,A,138.5178236,4400.849906,24.72226744,47.99223321,0.030408615,0.940107454,4,2013
520,LL,Gly-AMC,killed,250,A,120.0058499,5138.490372,48.25346215,93.78011368,0.130716355,0.755654055,4,2013
521,LL,Gly-AMC,killed,300,A,141.7314766,5197.893064,18.18723982,35.35873632,0.016070619,0.968117027,4,2013
522,LL,Gly-AMC,killed,400,A,155.5018448,7030.524032,48.11992693,93.85698925,0.083885497,0.839265783,4,2013
523,LL,Gly-AMC,killed,400,B,33.39263764,5699.373876,99.20899064,193.9902938,0.768463249,0.053609267,4,2013
524,LL,Gly-AMC,killed,400,C,157.6913397,6927.588148,42.64988688,83.42584492,0.065992235,0.872370505,4,2013
525,LL,Gly-AMC,live,0,A,-176.9650682,658.6708558,105.9112298,198.4756541,0.236701827,0.582624101,4,2013
526,LL,Gly-AMC,live,50,A,1553.834598,750.5334403,458.137993,863.8648479,0.077023044,0.851886462,4,2013
527,LL,Gly-AMC,live,100,A,-733.4742707,2040.359691,446.8686703,843.5940788,0.242417583,0.573931119,4,2013
528,LL,Gly-AMC,live,150,A,2107.518219,1014.871154,682.4015266,1289.434958,0.090790724,0.826661507,4,2013
529,LL,Gly-AMC,live,200,A,892.0908237,3586.206953,559.5826374,1060.155196,0.251924722,0.559616622,4,2013
530,LL,Gly-AMC,live,250,A,1011.080877,4002.121945,674.4300677,1281.318524,0.272584178,0.529133778,4,2013
531,LL,Gly-AMC,live,300,A,972.244898,4644.612245,612.6018612,1163.853971,0.253404253,0.55740521,4,2013
532,LL,Gly-AMC,live,400,A,1259.032518,5123.793939,1024.507884,1955.661694,0.344075558,0.430236874,4,2013
533,LL,Gly-AMC,live,400,B,880.45953,5904.933333,875.4937863,1671.211797,0.420472786,0.335851792,4,2013
534,LL,Gly-AMC,live,400,C,1129.855672,5912.523193,481.6902499,922.0783209,0.143612376,0.733399763,4,2013
535,LL,GlyGlyArg-AMC,killed,0,A,2.945150547,272.4305852,1.684371657,3.66224432,0.222483014,0.604532664,4,2013
536,LL,GlyGlyArg-AMC,killed,50,A,14.45589613,2493.801934,6.20292858,13.55509033,0.145093706,0.730864772,4,2013
537,LL,GlyGlyArg-AMC,killed,100,A,24.11725338,3089.62331,6.097319464,13.32430562,0.058376956,0.886653958,4,2013
538,LL,GlyGlyArg-AMC,killed,150,A,24.96854504,3743.47748,5.522599364,12.06838549,0.045601289,0.910876899,4,2013
539,LL,GlyGlyArg-AMC,killed,200,A,66.11033099,3950.635774,27.57588112,60.46989659,0.138691344,0.741852601,4,2013
540,LL,GlyGlyArg-AMC,killed,250,A,35.4663992,4636.136075,13.09459689,28.71454646,0.113562268,0.785771852,4,2013
541,LL,GlyGlyArg-AMC,killed,300,A,57.88735945,4662.360846,17.0429566,37.41399125,0.076824857,0.852252345,4,2013
542,LL,GlyGlyArg-AMC,killed,400,A,60.55414269,6104.419422,13.7162134,30.17610244,0.047668704,0.906934898,4,2013
543,LL,GlyGlyArg-AMC,killed,400,B,33.4131977,6262.094264,27.67288589,60.88122245,0.350681927,0.42161396,4,2013
544,LL,GlyGlyArg-AMC,live,0,A,1.834237492,237.5858047,1.543952728,3.294268371,0.356784223,0.413726535,4,2013
545,LL,GlyGlyArg-AMC,live,50,A,879.799937,342.2026189,388.2211704,833.5524807,0.15163469,0.7197237,4,2013
546,LL,GlyGlyArg-AMC,live,100,A,373.70937,2502.873564,15.61579048,33.52877659,0.001741503,0.996520026,4,2013
547,LL,GlyGlyArg-AMC,live,150,A,403.9501708,3000.360927,15.65764057,33.63761857,0.001499062,0.997004123,4,2013
548,LL,GlyGlyArg-AMC,live,200,A,440.0152391,3175.804443,4.246767384,9.150075649,9.31E-05,0.999813735,4,2013
549,LL,GlyGlyArg-AMC,live,250,A,419.7435855,3463.986119,13.88577276,29.91825539,0.001092596,0.997816001,4,2013
550,LL,GlyGlyArg-AMC,live,300,A,514.1933666,4144.390131,18.56021136,40.12296973,0.001300365,0.997400962,4,2013
551,LL,GlyGlyArg-AMC,live,400,A,194.9085795,5465.549461,205.8628771,445.283407,0.443682103,0.309489603,4,2013
552,LL,GlyGlyArg-AMC,live,400,B,469.9223137,5017.273575,8.953793054,19.42325978,0.000362849,0.999274434,4,2013
553,LL,GlyGlyArg-AMC,live,400,C,492.0614202,4944.932534,15.61358079,33.87018596,0.001005336,0.997990339,4,2013
554,LL,Leu-AMC,killed,0,A,3.709778562,258.6138023,6.815987808,13.79547813,0.640821041,0.129009525,4,2013
555,LL,Leu-AMC,killed,50,A,29.87666358,1251.841353,2.607733114,5.309466367,0.007532402,0.984991933,4,2013
556,LL,Leu-AMC,killed,100,A,35.28494126,1259.604332,6.653091458,13.54600482,0.03376216,0.933615564,4,2013
557,LL,Leu-AMC,killed,150,A,59.38625002,1860.081734,2.447192687,4.990521686,0.001693792,0.996615285,4,2013
558,LL,Leu-AMC,killed,250,A,136.1734361,2644.67693,4.944723027,10.11505109,0.001315956,0.997369821,4,2013
559,LL,Leu-AMC,killed,300,A,85.69590016,2882.746843,9.559205991,19.60041963,0.012215429,0.97571836,4,2013
560,LL,Leu-AMC,killed,400,A,113.1899665,3369.837809,7.889078161,16.18356357,0.004822654,0.99037795,4,2013
561,LL,Leu-AMC,killed,400,B,113.203756,3347.063333,12.57845397,25.8032948,0.01212215,0.975902647,4,2013
562,LL,Leu-AMC,killed,400,C,125.8965652,3363.484459,10.58979675,21.81536685,0.007001127,0.986046762,4,2013
563,LL,Leu-AMC,live,0,A,691.2713535,-366.8151117,443.5488857,874.877612,0.259444015,0.548423167,4,2013
564,LL,Leu-AMC,live,50,A,5038.050087,-62.80139779,808.6764353,1604.129745,0.024809859,0.95099581,4,2013
565,LL,Leu-AMC,live,100,A,4154.194587,2840.178347,13.50401929,26.81770206,1.06E-05,0.999978866,4,2013
566,LL,Leu-AMC,live,150,A,4580.729578,3367.423344,56.4785276,112.5631759,0.000151984,0.999696055,4,2013
567,LL,Leu-AMC,live,200,A,5321.73031,3719.884597,31.59153497,62.9627517,3.52E-05,0.999929525,4,2013
568,LL,Leu-AMC,live,250,A,1.462063196,238.0273087,0.663520571,1.326626378,0.158419068,0.708258465,4,2013
569,LL,Leu-AMC,live,300,A,5140.762262,5355.524783,149.8295719,300.412547,0.000848374,0.998303973,4,2013
570,LL,Leu-AMC,live,400,A,5996.945749,5451.768582,97.60175983,196.5342302,0.000264778,0.999470513,4,2013
571,LL,Leu-AMC,live,400,B,6203.531687,5108.559791,101.7830342,205.0397688,0.00026909,0.999461893,4,2013
572,LL,Leu-AMC,live,400,C,6115.885444,5362.881897,36.13420323,72.82334478,3.49E-05,0.99993019,4,2013
573,LL,Pyr-AMC,killed,0,A,25.94499869,209.6091691,17.34921246,36.47119185,0.273432682,0.527900068,4,2013
574,LL,Pyr-AMC,killed,50,A,46.13541873,2521.283937,11.70634632,24.67798811,0.058765381,0.885922608,4,2013
575,LL,Pyr-AMC,killed,100,A,57.47358994,2996.913332,3.90980108,8.251401833,0.004595901,0.99082932,4,2013
576,LL,Pyr-AMC,killed,150,A,79.14281964,3396.835784,11.50225876,24.34720245,0.020475886,0.959467491,4,2013
577,LL,Pyr-AMC,killed,200,A,109.6350748,3858.675112,10.43861373,22.09575067,0.008943954,0.982192086,4,2013
578,LL,Pyr-AMC,killed,250,A,89.38588785,4312.513666,20.95686112,44.38377825,0.05081514,0.900951899,4,2013
579,LL,Pyr-AMC,killed,300,A,122.6410612,4964.092028,7.332693015,15.56482965,0.003555773,0.992901098,4,2013
580,LL,Pyr-AMC,killed,400,A,160.6293198,6041.778283,34.36378721,83.77466162,0.134171013,0.956235954,3,2013
581,LL,Pyr-AMC,killed,400,B,NA,6028,NA,NA,NA,0,1,2013
582,LL,Pyr-AMC,killed,400,C,-161.0664501,6717.078484,195.1468275,416.1448583,0.49594562,0.254070818,4,2013
583,LL,Pyr-AMC,live,0,A,1.701188455,241.9162139,2.18448946,4.500127819,0.51763408,0.232676881,4,2013
584,LL,Pyr-AMC,live,50,A,50.4557095,2014.850187,7.682888162,15.87151352,0.022409689,0.955682816,4,2013
585,LL,Pyr-AMC,live,100,A,90.74428984,2278.410278,12.73332997,26.39842435,0.01912689,0.962112057,4,2013
586,LL,Pyr-AMC,live,150,A,89.46021275,2871.848866,5.963131803,12.37649167,0.004413735,0.991192011,4,2013
587,LL,Pyr-AMC,live,200,A,92.94532861,3225.061136,6.616329844,13.73220547,0.005029135,0.989967021,4,2013
588,LL,Pyr-AMC,live,250,A,99.28231164,3488.55081,9.851097649,20.51868663,0.009702174,0.980689784,4,2013
589,LL,Pyr-AMC,live,300,A,120.2244684,3871.342216,6.722601303,14.03452042,0.003112131,0.993785423,4,2013
590,LL,Pyr-AMC,live,400,A,141.4623261,4660.510108,21.84023604,45.59503455,0.023016254,0.95449724,4,2013
591,LL,Pyr-AMC,live,400,B,165.2055743,5135.688183,4.983118625,10.41474773,0.000908575,0.998183675,4,2013
592,LL,Pyr-AMC,live,400,C,142.7093046,4885.055519,20.10365654,42.11317524,0.019272907,0.96182563,4,2013
593,PP,Arg-AMC,killed,0,A,-5.411920894,375.0956739,3.090954247,6.096822553,0.330359265,0.754034801,3,2013
594,PP,Arg-AMC,killed,50,A,7.918580943,823.9969372,2.45340512,4.858985661,0.191272125,0.912413805,3,2013
595,PP,Arg-AMC,killed,100,A,19.78523855,1259.010285,3.522017138,6.975379089,0.112151407,0.969284909,3,2013
596,PP,Arg-AMC,killed,150,A,16.04890838,1768.232586,3.520784921,6.991596226,0.137482743,0.954082935,3,2013
597,PP,Arg-AMC,killed,200,A,26.82475737,2340.449002,2.21699966,4.402893271,0.052495736,0.993215728,3,2013
598,PP,Arg-AMC,killed,250,A,41.115944,3131.195891,1.650356961,3.290804546,0.025539634,0.998391444,3,2013
599,PP,Arg-AMC,killed,300,A,42.6695664,2898.684201,4.454315792,8.881886163,0.066217492,0.989220008,3,2013
600,PP,Arg-AMC,killed,400,A,54.36559237,4405.140261,7.588829941,15.17238895,0.088294491,0.980887366,3,2013
601,PP,Arg-AMC,killed,400,B,-23.86336182,3790.510917,22.75743191,45.68155179,0.484901054,0.523708475,3,2013
602,PP,Arg-AMC,killed,400,C,38.2085089,3584.592769,10.96157205,22.00570791,0.177861812,0.923954084,3,2013
603,PP,Arg-AMC,live,0,A,-8.240251631,417.4808317,5.61700736,10.80844924,0.380894305,0.682755428,3,2013
604,PP,Arg-AMC,live,50,A,2297.656141,2340.299648,52.68913494,101.8113928,0.014596208,0.999474414,3,2013
605,PP,Arg-AMC,live,100,A,4205.11217,3961.047736,262.300063,508.2302668,0.039658714,0.996124256,3,2013
606,PP,Arg-AMC,live,150,A,4917.772386,4323.810886,346.2182753,673.6114944,0.044745124,0.995068081,3,2013
607,PP,Arg-AMC,live,200,A,6173.668742,5200.217131,401.1580008,780.503687,0.041308758,0.995795499,3,2013
608,PP,Arg-AMC,live,250,A,7632.46905,5563.131822,581.3465064,1131.12474,0.048396326,0.994231967,3,2013
609,PP,Arg-AMC,live,300,A,7797.003756,5785.360783,599.777705,1166.986286,0.048875168,0.994117487,3,2013
610,PP,Arg-AMC,live,400,A,8809.677715,6577.952939,649.3239949,1272.041745,0.046837851,0.994596814,3,2013
611,PP,Arg-AMC,live,400,B,10846.269,7154.997803,606.4445573,1188.039867,0.035558129,0.996883509,3,2013
612,PP,Arg-AMC,live,400,C,8447.885007,6714.515405,711.4121474,1399.395227,0.053484745,0.992958299,3,2013
613,PP,Gly-AMC,killed,0,A,463.3260263,106.0678557,385.1690266,791.9416137,0.441524372,0.591337526,3,2013
614,PP,Gly-AMC,killed,50,A,7.014746911,1111.525176,4.059170486,8.346013834,0.333959487,0.749147728,3,2013
615,PP,Gly-AMC,killed,100,A,-451.7413312,2127.393596,391.7230682,810.7710752,0.454776372,0.570798369,3,2013
616,PP,Gly-AMC,killed,150,A,27.63252292,2638.024711,0.503944635,1.043042309,0.011608985,0.999667509,3,2013
617,PP,Gly-AMC,killed,200,A,55.87485054,3148.012754,2.533529878,5.243788048,0.028846452,0.997948236,3,2013
618,PP,Gly-AMC,killed,250,A,61.42287764,3912.581108,8.263311346,17.10303622,0.085134256,0.982223018,3,2013
619,PP,Gly-AMC,killed,300,A,50.98047031,4613.666534,25.05226138,51.85206219,0.290776852,0.805488408,3,2013
620,PP,Gly-AMC,killed,400,A,87.08737864,5783.650485,0.504480818,1.047036853,0.003687777,0.999966444,3,2013
621,PP,Gly-AMC,killed,400,B,76.8752491,6549.697489,9.996052488,20.82644212,0.08231751,0.983373438,3,2013
622,PP,Gly-AMC,killed,400,C,59.09127142,5848.559984,23.25048673,48.44161398,0.238644649,0.865938392,3,2013
623,PP,Gly-AMC,live,0,A,-5.842600897,413.3420404,6.330917548,12.76037226,0.525523061,0.459951415,3,2013
624,PP,Gly-AMC,live,50,A,721.3408796,1542.794998,1.597135123,3.227591919,0.00140955,0.999995098,3,2013
625,PP,Gly-AMC,live,100,A,1269.739162,2610.651157,16.79897875,33.94844135,0.008422153,0.999824991,3,2013
626,PP,Gly-AMC,live,150,A,2101.325268,3807.479974,53.52477248,108.1797412,0.016212417,0.999351602,3,2013
627,PP,Gly-AMC,live,200,A,2100.161435,3802.732735,48.93237707,99.29062273,0.014830138,0.999457435,3,2013
628,PP,Gly-AMC,live,250,A,2658.481052,4961.967585,97.20206208,197.7526081,0.023266369,0.998664931,3,2013
629,PP,Gly-AMC,live,300,A,3028.788362,5633.35273,67.14889679,137.1493272,0.014111687,0.999508723,3,2013
630,PP,Gly-AMC,live,400,A,3659.90833,7133.81945,149.284969,304.909448,0.025952866,0.998338999,3,2013
631,PP,Gly-AMC,live,400,B,3951.510562,7089.149063,167.489106,342.0907759,0.026967685,0.998206641,3,2013
632,PP,Gly-AMC,live,400,C,4111.736835,7175.41931,293.9402818,602.0130648,0.045433451,0.994915436,3,2013
633,PP,GlyGlyArg-AMC,killed,0,A,-4.86551359,369.3265443,4.157411045,9.932935795,0.450141439,0.577997788,3,2013
634,PP,GlyGlyArg-AMC,killed,50,A,1010.717392,246.0928727,456.8056174,1095.072664,0.270234993,0.830378957,3,2013
635,PP,GlyGlyArg-AMC,killed,100,A,-13.12041316,4174.084398,23.96811813,57.45732972,0.681146839,0.23056733,3,2013
636,PP,GlyGlyArg-AMC,killed,150,A,-3.38873141,5936.575913,34.48027366,82.65748865,0.937633108,0.009566612,3,2013
637,PP,GlyGlyArg-AMC,killed,200,A,-22.72025798,5709.576529,29.1673925,70.30771353,0.578697821,0.377637288,3,2013
638,PP,GlyGlyArg-AMC,killed,250,A,-27.89150779,7280.332544,42.29679775,101.995814,0.628868871,0.303057948,3,2013
639,PP,GlyGlyArg-AMC,killed,300,A,-9.134081466,7432.442279,46.46130619,112.0382392,0.876419483,0.037211553,3,2013
640,PP,GlyGlyArg-AMC,killed,400,A,-56.11664296,8388.329303,42.05705161,101.7554376,0.40944453,0.640333226,3,2013
641,PP,GlyGlyArg-AMC,killed,400,B,-25.84705747,7882.417252,40.78288467,98.88545298,0.640384606,0.28656387,3,2013
642,PP,GlyGlyArg-AMC,killed,400,C,19.4932627,8039.38059,56.23629663,136.355035,0.787578675,0.107265037,3,2013
643,PP,GlyGlyArg-AMC,live,0,A,-3.003176844,399.9563007,9.966781597,23.39010625,0.813682977,0.083235698,3,2013
644,PP,GlyGlyArg-AMC,live,50,A,1129.155505,4293.962076,14.25630413,33.58366447,0.008037301,0.999840619,3,2013
645,PP,GlyGlyArg-AMC,live,100,A,1487.691975,4819.881005,46.45493747,109.4341857,0.019872746,0.999025876,3,2013
646,PP,GlyGlyArg-AMC,live,150,A,1655.752779,5522.359735,39.19310066,92.32743148,0.015066527,0.999440004,3,2013
647,PP,GlyGlyArg-AMC,live,200,A,1257.764641,6325.124966,6.12908823,14.43833134,0.003102224,0.999976254,3,2013
648,PP,GlyGlyArg-AMC,live,250,A,1855.595465,8137.166874,15.02168865,35.58569383,0.005153545,0.99993447,3,2013
649,PP,GlyGlyArg-AMC,live,300,A,1781.024735,8518.722615,29.56114983,70.0290128,0.010565538,0.999724588,3,2013
650,PP,GlyGlyArg-AMC,live,400,A,1633.813975,11408.88523,112.7217495,267.1317852,0.043852824,0.995262515,3,2013
651,PP,GlyGlyArg-AMC,live,400,B,1322.879925,9786.874818,61.1847509,144.9976762,0.029423444,0.997865395,3,2013
652,PP,GlyGlyArg-AMC,live,400,C,1280.762443,9296.795741,102.1255796,242.5527306,0.050655681,0.993682004,3,2013
653,PP,Leu-AMC,killed,0,A,-7.164252305,383.4031152,5.770251639,12.26747195,0.431652874,0.606536362,3,2013
654,PP,Leu-AMC,killed,50,A,1.658012777,772.1765439,3.810653034,8.121864275,0.738735243,0.159177369,3,2013
655,PP,Leu-AMC,killed,100,A,6.605381166,1107.51704,3.565073187,7.626812876,0.315074858,0.774413121,3,2013
656,PP,Leu-AMC,killed,150,A,16.15695067,1462.763677,7.852481464,16.79892771,0.288003728,0.808925203,3,2013
657,PP,Leu-AMC,killed,200,A,32.23695563,2290.819241,10.1818254,21.78851601,0.194759678,0.909291805,3,2013
658,PP,Leu-AMC,killed,250,A,19.78111802,2332.503883,16.36642896,35.02320905,0.440039453,0.593629782,3,2013
659,PP,Leu-AMC,killed,300,A,23.92415387,2479.936523,6.900422614,14.80362993,0.178767795,0.923197913,3,2013
660,PP,Leu-AMC,killed,400,A,52.04838929,3513.312899,9.379489489,20.12202717,0.11350519,0.968546829,3,2013
661,PP,Leu-AMC,killed,400,B,50.67713004,3310.83296,9.530162964,20.52101927,0.118338373,0.965842738,3,2013
662,PP,Leu-AMC,killed,400,C,79.73542601,3054.366592,3.984493562,8.579692655,0.031786362,0.997509076,3,2013
663,PP,Leu-AMC,live,0,A,-1.871996779,401.3343944,10.78403304,22.53039094,0.890579754,0.029251916,3,2013
664,PP,Leu-AMC,live,50,A,3845.464328,3157.528497,21.54535899,45.18536602,0.003566815,0.99996861,3,2013
665,PP,Leu-AMC,live,100,A,6058.027102,4778.419689,169.8983755,356.3143362,0.017849428,0.999214087,3,2013
666,PP,Leu-AMC,live,150,A,7064.253082,5421.382141,144.862292,304.5842368,0.013052941,0.999579665,3,2013
667,PP,Leu-AMC,live,200,A,9500.21923,7212.062011,66.52637364,139.9076333,0.00445793,0.999950966,3,2013
668,PP,Leu-AMC,live,250,A,8710.426465,7031.753687,34.06113465,71.90360295,0.002489417,0.999984709,3,2013
669,PP,Leu-AMC,live,300,A,9575.344759,8749.146672,195.0748973,411.8062448,0.012967821,0.999585128,3,2013
670,PP,Leu-AMC,live,400,A,10719.93623,9898.111598,168.7593226,356.2536436,0.010021202,0.999752233,3,2013
671,PP,Leu-AMC,live,400,B,10990.61563,10258.63803,114.0707847,241.4747762,0.006607192,0.99989229,3,2013
672,PP,Leu-AMC,live,400,C,13581.96891,-776.1450777,1392.999618,2959.919329,0.065065758,0.989590448,3,2013
673,PP,Pyr-AMC,killed,0,A,-5.021132016,374.8966456,6.700360889,15.50146616,0.590586209,0.359620431,3,2013
674,PP,Pyr-AMC,killed,50,A,3.165088967,1422.178994,13.07048985,30.23893182,0.84875064,0.055391119,3,2013
675,PP,Pyr-AMC,killed,100,A,6.581169724,1903.869948,19.86494031,45.95807673,0.796335414,0.098901714,3,2013
676,PP,Pyr-AMC,killed,150,A,12.2290742,2521.554578,17.69128764,40.92927249,0.614954394,0.323329593,3,2013
677,PP,Pyr-AMC,killed,200,A,19.43949095,3210.876998,23.2856369,54.19853918,0.557154901,0.410702938,3,2013
678,PP,Pyr-AMC,killed,250,A,26.89382929,3872.924879,16.92591698,39.39595806,0.357607722,0.716283744,3,2013
679,PP,Pyr-AMC,killed,300,A,28.10047527,4565.891846,16.02788208,37.30573479,0.329994085,0.754528705,3,2013
680,PP,Pyr-AMC,killed,400,A,48.13268392,5878.273125,30.34745684,70.63529487,0.358125118,0.715550705,3,2013
681,PP,Pyr-AMC,killed,400,B,45.38528104,5476.156807,30.95454055,72.32362286,0.38106134,0.68251118,3,2013
682,PP,Pyr-AMC,killed,400,C,36.84041007,5464.471189,37.53377707,87.88955394,0.505934833,0.490678127,3,2013
683,PP,Pyr-AMC,live,0,A,1.973526062,405.9279312,8.761146899,19.90239287,0.858949997,0.048291189,3,2013
684,PP,Pyr-AMC,live,50,A,13.17507769,1565.227491,15.39244932,35.10174736,0.549314664,0.422846218,3,2013
685,PP,Pyr-AMC,live,100,A,21.11434528,1972.432109,16.03013942,36.55596926,0.413399881,0.634359225,3,2013
686,PP,Pyr-AMC,live,150,A,22.11437998,2892.403629,23.73057238,54.23818886,0.522433748,0.464790316,3,2013
687,PP,Pyr-AMC,live,200,A,53.29745866,4092.809301,21.22627959,48.51442024,0.241282728,0.863102061,3,2013
688,PP,Pyr-AMC,live,250,A,61.46990201,4058.182688,30.33311564,69.5747951,0.291829216,0.804178107,3,2013
689,PP,Pyr-AMC,live,300,A,121.5328978,4710.061946,56.87156093,130.4457889,0.278637081,0.820358636,3,2013
690,PP,Pyr-AMC,live,400,A,73.12227503,5991.70317,42.19539463,97.02987078,0.33319116,0.75019338,3,2013
691,PP,Pyr-AMC,live,400,B,-110.1394399,6633.324365,13.83381952,31.81137971,0.079544656,0.984468961,3,2013
692,PP,Pyr-AMC,live,400,C,73.25307357,6040.451019,43.31589727,99.60650805,0.339962334,0.740928682,3,2013
693,RR,Arg-AMC,killed,0,A,-783.6174861,3152.940376,644.22058,1666.820611,0.438044455,0.596706224,3,2013
694,RR,Arg-AMC,killed,50,A,8.581251174,1010.109581,8.712641823,22.54369765,0.504836637,0.492402921,3,2013
695,RR,Arg-AMC,killed,100,A,16.02826501,1463.256308,16.34681113,42.3503712,0.506263652,0.490161713,3,2013
696,RR,Arg-AMC,killed,150,A,-6.239532377,1855.465757,7.024563905,18.26236511,0.537634248,0.441021893,3,2013
697,RR,Arg-AMC,killed,200,A,-1.933120421,2333.769585,12.43965853,32.34244767,0.901854434,0.023579669,3,2013
698,RR,Arg-AMC,killed,250,A,3.178658651,2758.801616,3.891664035,10.1181186,0.563983491,0.400170419,3,2013
699,RR,Arg-AMC,killed,300,A,21.37524475,3143.747437,3.301679688,8.595706283,0.097563024,0.976697225,3,2013
700,RR,Arg-AMC,killed,400,A,18.60054319,3862.855601,19.82648806,51.6169599,0.520303315,0.468129249,3,2013
701,RR,Arg-AMC,killed,400,B,24.9389442,3811.95341,4.845056646,12.6575656,0.122158684,0.963629306,3,2013
702,RR,Arg-AMC,killed,400,C,96.40541049,3860.533774,11.50620836,30.09773128,0.075624305,0.985955096,3,2013
703,RR,Arg-AMC,live,0,A,-19.1700967,498.7175138,10.82478071,27.5380631,0.327245765,0.758234998,3,2013
704,RR,Arg-AMC,live,50,A,712.9814015,1424.551694,70.84390416,180.6751057,0.063049439,0.990223536,3,2013
705,RR,Arg-AMC,live,100,A,987.146346,1953.207715,17.1024968,43.61695552,0.011028454,0.999699928,3,2013
706,RR,Arg-AMC,live,150,A,1078.962991,2596.953034,80.78782162,206.0353447,0.047578401,0.994424925,3,2013
707,RR,Arg-AMC,live,200,A,1193.121217,3238.698139,61.31683887,157.1308386,0.032688381,0.997365824,3,2013
708,RR,Arg-AMC,live,250,A,1608.704917,1496.731241,1377.594314,3530.230094,0.450829811,0.576929552,3,2013
709,RR,Arg-AMC,live,300,A,1432.684576,3956.899305,129.3620363,331.5108136,0.05732714,0.991913025,3,2013
710,RR,Arg-AMC,live,400,A,1439.898018,5061.528231,287.0873136,739.2356382,0.125286538,0.961767336,3,2013
711,RR,Arg-AMC,live,400,B,1301.668187,4972.367465,192.9353237,496.7989193,0.093678737,0.97850265,3,2013
712,RR,Arg-AMC,live,400,C,-1090.439602,6515.34257,1049.379398,2702.194399,0.487785635,0.519181571,3,2013
713,RR,Gly-AMC,killed,0,A,0.046026677,404.0397458,2.34313317,6.2398066,0.987496347,0.000385707,3,2013
714,RR,Gly-AMC,killed,50,A,12.17736709,1401.171702,5.033966159,13.42259876,0.249550765,0.854052013,3,2013
715,RR,Gly-AMC,killed,100,A,28.16832613,2194.254931,6.787634763,18.16212046,0.150534499,0.945121469,3,2013
716,RR,Gly-AMC,killed,150,A,43.52455418,2965.199528,10.85768057,29.08959449,0.155635291,0.941414982,3,2013
717,RR,Gly-AMC,killed,200,A,71.57339076,3674.210252,52.71542421,141.233692,0.404138752,0.648312663,3,2013
718,RR,Gly-AMC,killed,250,A,77.73169151,4439.551523,27.8834362,74.7045234,0.219262384,0.885994135,3,2013
719,RR,Gly-AMC,killed,300,A,180.1749838,5295.637395,70.14637392,188.832674,0.236357085,0.868377528,3,2013
720,RR,Gly-AMC,killed,400,A,154.7001024,6461.760343,22.78537768,61.33779345,0.093096729,0.978767037,3,2013
721,RR,Gly-AMC,killed,400,B,281.8599069,6358.357749,4.242516179,11.42259493,0.009581589,0.999773493,3,2013
722,RR,Gly-AMC,killed,400,C,86.92053603,7100.099325,30.29396078,81.94004632,0.2134968,0.891687183,3,2013
723,RR,Gly-AMC,live,0,A,-48.0349427,533.369303,34.85577353,91.49778867,0.399621155,0.65507435,3,2013
724,RR,Gly-AMC,live,50,A,835.27042,2013.073276,36.48376207,95.89285678,0.02778924,0.998095779,3,2013
725,RR,Gly-AMC,live,100,A,1155.632566,3603.821715,400.7854054,1053.518564,0.212523093,0.892636007,3,2013
726,RR,Gly-AMC,live,150,A,1492.288183,4281.756967,162.1255523,427.6312221,0.068893602,0.98833455,3,2013
727,RR,Gly-AMC,live,200,A,1639.513432,5073.639802,97.0215272,255.9092855,0.03762938,0.9965103,3,2013
728,RR,Gly-AMC,live,250,A,1644.588673,5893.352717,136.6047213,360.7737519,0.052758533,0.993147789,3,2013
729,RR,Gly-AMC,live,300,A,1812.514896,6940.497821,278.4460296,735.4603304,0.097041501,0.976943762,3,2013
730,RR,Gly-AMC,live,400,A,2046.768739,8679.349709,403.0963481,1068.332075,0.123793398,0.962661756,3,2013
731,RR,Gly-AMC,live,400,B,2055.325944,8481.759346,340.0325181,901.1930951,0.104376766,0.973358879,3,2013
732,RR,Gly-AMC,live,400,C,1730.906487,9047.389104,675.8387441,1793.462241,0.236981562,0.867713556,3,2013
733,RR,GlyGlyArg-AMC,killed,0,A,-4.10503563,489.8029728,1.835305776,5.40582166,0.267653013,0.833412308,3,2013
734,RR,GlyGlyArg-AMC,killed,50,A,-8.754416787,1535.288182,0.778515109,2.293085922,0.056464959,0.992153813,3,2013
735,RR,GlyGlyArg-AMC,killed,100,A,-36.24327023,2495.907721,10.46270046,30.90992388,0.178915124,0.923074622,3,2013
736,RR,GlyGlyArg-AMC,killed,150,A,-52.88807533,3400.541289,9.809608217,28.98049547,0.116752581,0.966741833,3,2013
737,RR,GlyGlyArg-AMC,killed,200,A,-9.85885674,4333.999294,2.530236536,7.484540609,0.159934109,0.938203192,3,2013
738,RR,GlyGlyArg-AMC,killed,250,A,-17.82396516,5222.282406,4.560385752,13.53006954,0.159462727,0.93855929,3,2013
739,RR,GlyGlyArg-AMC,killed,300,A,-1.751015885,6106.820465,17.92835745,53.19109747,0.938019585,0.009448788,3,2013
740,RR,GlyGlyArg-AMC,killed,400,A,-2.985983796,7811.833028,16.25110063,48.45798165,0.884317542,0.032657985,3,2013
741,RR,GlyGlyArg-AMC,live,0,A,-28.75925522,507.539394,4.147783262,12.03949218,0.091187255,0.979623204,3,2013
742,RR,GlyGlyArg-AMC,live,50,A,-400.2345154,2387.086436,241.4182324,701.6374212,0.34553379,0.733223563,3,2013
743,RR,GlyGlyArg-AMC,live,100,A,619.622724,2696.316371,56.12398234,163.1139697,0.057506611,0.991862449,3,2013
744,RR,GlyGlyArg-AMC,live,150,A,749.7240372,3499.97418,135.4380375,395.3263201,0.113778578,0.968396749,3,2013
745,RR,GlyGlyArg-AMC,live,200,A,529.3185811,4853.137962,15.89545275,46.39679486,0.019111967,0.99909901,3,2013
746,RR,GlyGlyArg-AMC,live,250,A,723.645941,5373.51306,55.86783107,163.1109285,0.049051826,0.994074971,3,2013
747,RR,GlyGlyArg-AMC,live,300,A,538.2506358,6396.748517,3.775704818,11.05691206,0.004465669,0.999950795,3,2013
748,RR,GlyGlyArg-AMC,live,400,A,418.3779782,7982.793729,147.4347605,432.3007419,0.215691755,0.88953489,3,2013
749,RR,Leu-AMC,killed,0,A,-24.28973202,506.5928098,9.573383503,26.55627492,0.239011481,0.865545493,3,2013
750,RR,Leu-AMC,killed,50,A,2.45584989,908.3123252,1.133671224,3.148759211,0.275322516,0.824338631,3,2013
751,RR,Leu-AMC,killed,100,A,-17.84768212,1380.669978,5.716150016,15.87654307,0.197321284,0.906967379,3,2013
752,RR,Leu-AMC,killed,150,A,6.902794974,1771.633913,1.620007332,4.519759165,0.14675158,0.947796558,3,2013
753,RR,Leu-AMC,killed,200,A,14.47019868,2142.406733,5.448504196,15.20410387,0.229255568,0.875827815,3,2013
754,RR,Leu-AMC,killed,250,A,-19.64894684,2525.676028,20.0802738,56.10577932,0.506911298,0.489144612,3,2013
755,RR,Leu-AMC,killed,300,A,29.15747242,2903.177533,6.738097066,18.82674464,0.144580506,0.949303291,3,2013
756,RR,Leu-AMC,killed,400,A,37.41672925,3627.2244,8.451249186,23.68877648,0.141419131,0.951459901,3,2013
757,RR,Leu-AMC,killed,400,B,29.15848527,3638.184666,7.457778372,20.93079922,0.159408968,0.93859984,3,2013
758,RR,Leu-AMC,killed,400,C,27.51753156,3645.794764,1.554716012,4.363423941,0.035930251,0.996818008,3,2013
759,RR,Leu-AMC,live,0,A,-20.57392448,511.0052414,16.09866874,43.69601673,0.422693803,0.620242062,3,2013
760,RR,Leu-AMC,live,50,A,2690.247946,4265.533492,57.61468778,156.5807644,0.013631845,0.99954156,3,2013
761,RR,Leu-AMC,live,100,A,4165.282431,4419.48552,165.4924549,451.8215679,0.025280491,0.998423905,3,2013
762,RR,Leu-AMC,live,150,A,4865.94694,4781.712604,336.4262373,918.6642797,0.04394526,0.995242553,3,2013
763,RR,Leu-AMC,live,200,A,6441.627119,6634.769113,475.8358141,1299.343859,0.046941137,0.994573001,3,2013
764,RR,Leu-AMC,live,250,A,7174.420502,7965.569596,403.5407631,1106.955022,0.035770362,0.996846235,3,2013
765,RR,Leu-AMC,live,300,A,6302.492371,8087.349609,744.2263225,2041.491569,0.074828377,0.986247823,3,2013
766,RR,Leu-AMC,live,400,A,6568.694028,9778.119408,956.1520209,2622.826189,0.092021333,0.979251342,3,2013
767,RR,Leu-AMC,live,400,B,6957.023932,10472.04868,1336.875878,3672.603126,0.120860877,0.964388742,3,2013
768,RR,Leu-AMC,live,400,C,6588.506473,11064.10827,1415.177455,3913.002864,0.134696071,0.955897892,3,2013
769,RR,Pyr-AMC,killed,0,A,-4.048252014,487.8202143,0.300163515,0.859581175,0.047116878,0.994532363,3,2013
770,RR,Pyr-AMC,killed,50,A,-13.51828499,1419.308113,8.212498154,23.54806454,0.347545713,0.730423463,3,2013
771,RR,Pyr-AMC,killed,100,A,17.65807963,2246.308353,3.082807058,8.839471037,0.110034245,0.97042216,3,2013
772,RR,Pyr-AMC,killed,150,A,39.82345523,2982.400168,7.906713649,22.67127491,0.124774485,0.962075211,3,2013
773,RR,Pyr-AMC,killed,200,A,9.352786833,3890.69643,18.48420604,53.2322789,0.701790401,0.203836792,3,2013
774,RR,Pyr-AMC,killed,250,A,45.13601153,4631.606107,0.258980755,0.746003943,0.003652748,0.999967079,3,2013
775,RR,Pyr-AMC,killed,300,A,76.62042875,5354.383354,2.053124539,5.914103548,0.017054812,0.999282487,3,2013
776,RR,Pyr-AMC,killed,400,A,96.69555538,6919.804087,0.867609135,2.510061964,0.005711972,0.999919499,3,2013
777,RR,Pyr-AMC,killed,400,B,54.88709549,7053.731275,1.245638829,3.60373182,0.01444533,0.999485222,3,2013
778,RR,Pyr-AMC,killed,400,C,64.13135088,6925.854178,34.19206285,98.92034673,0.311828996,0.778660877,3,2013
779,RR,Pyr-AMC,live,0,A,-17.52412365,511.8477845,12.45116963,35.06322144,0.393271131,0.664525593,3,2013
780,RR,Pyr-AMC,live,50,A,12.37026648,1550.912576,13.31225586,37.53598919,0.523339622,0.46337105,3,2013
781,RR,Pyr-AMC,live,100,A,39.13043478,2385.927536,15.06131137,42.467725,0.233908049,0.870967742,3,2013
782,RR,Pyr-AMC,live,150,A,31.51472651,3188.809023,18.24362071,51.44074431,0.334068929,0.748998667,3,2013
783,RR,Pyr-AMC,live,200,A,69.54567443,4064.78739,21.39333415,60.5122879,0.189985709,0.913552905,3,2013
784,RR,Pyr-AMC,live,250,A,101.3604488,4730.628331,2.404951332,6.812692558,0.015102068,0.999437359,3,2013
785,RR,Pyr-AMC,live,300,A,126.4157865,5620.9691,3.207010142,9.113266883,0.016146783,0.999356841,3,2013
786,RR,Pyr-AMC,live,400,A,156.8560026,7166.816839,16.36601583,46.50682832,0.066184054,0.989230853,3,2013
787,RR,Pyr-AMC,live,400,B,145.6232363,7212.965754,14.06182827,39.95908595,0.061283958,0.990761713,3,2013
788,RR,Pyr-AMC,live,400,C,114.0064853,7158.485408,18.8681521,53.85325249,0.104414556,0.973339758,3,2013
789,SW,Arg-AMC,killed,0,A,20.04639605,153.6904262,0.656286197,1.8541295,0.020834448,0.998929347,3,2013
790,SW,Arg-AMC,killed,50,A,9573.355461,-5198.306343,3268.040515,9262.491389,0.209425337,0.89563012,3,2013
791,SW,Arg-AMC,killed,100,A,44.25921004,2103.580352,1.596606294,4.525647959,0.022955461,0.998700359,3,2013
792,SW,Arg-AMC,killed,150,A,75.22726065,2560.26139,7.005179174,19.94449497,0.059111708,0.991403171,3,2013
793,SW,Arg-AMC,killed,200,A,89.80205788,2851.760009,6.761475155,19.25295229,0.047842803,0.994362906,3,2013
794,SW,Arg-AMC,killed,250,A,129.5258306,3343.13321,29.35130698,83.57633504,0.141865851,0.951157856,3,2013
795,SW,Arg-AMC,killed,300,A,146.6346033,3524.10633,5.990360024,17.05948164,0.025992925,0.998333871,3,2013
796,SW,Arg-AMC,killed,400,A,162.5550096,4226.464146,32.56151913,93.02485722,0.125856138,0.961423456,3,2013
797,SW,Arg-AMC,killed,400,B,169.5620308,4217.340255,44.63944986,127.6726708,0.163880085,0.935184657,3,2013
798,SW,Arg-AMC,killed,400,C,151.1558961,4278.149382,36.80378727,105.2768936,0.152047099,0.944034218,3,2013
799,SW,Arg-AMC,live,0,A,142.6712635,78.61652796,56.10890374,156.398269,0.238538067,0.866052457,3,2013
800,SW,Arg-AMC,live,50,A,1237.302337,1415.322974,423.1880427,1183.456204,0.209799537,0.895270424,3,2013
801,SW,Arg-AMC,live,100,A,1231.874707,1715.45894,410.4945055,1148.012767,0.204772114,0.900057155,3,2013
802,SW,Arg-AMC,live,150,A,112.4820213,2925.578923,17.18018865,48.04910383,0.096489806,0.977203168,3,2013
803,SW,Arg-AMC,live,200,A,116.6055927,3565.499304,23.61871814,67.56341862,0.12722743,0.96058952,3,2013
804,SW,Arg-AMC,live,250,A,105.3703735,3471.713985,68.07507057,194.9527436,0.365163208,0.705523498,3,2013
805,SW,Arg-AMC,live,300,A,117.5343495,4159.232658,3.875058494,11.09735588,0.020981488,0.998914187,3,2013
806,SW,Arg-AMC,live,400,A,201.2841617,4632.712034,30.65427061,87.79286139,0.096213764,0.977332424,3,2013
807,SW,Arg-AMC,live,400,B,197.1183356,4397.62306,100.8599634,284.5824896,0.301084019,0.792513353,3,2013
808,SW,Arg-AMC,live,400,C,150.5642946,4771.978513,90.16325934,254.4010919,0.343496399,0.736049611,3,2013
809,SW,Gly-AMC,killed,0,A,24.02055579,140.2873112,4.597028616,13.33057569,0.12038003,0.96466816,3,2013
810,SW,Gly-AMC,killed,50,A,59.51539626,2766.420999,22.42660435,65.23591008,0.229415814,0.875661747,3,2013
811,SW,Gly-AMC,killed,100,A,88.49318526,3371.715295,15.56747331,45.2836405,0.110858085,0.969982099,3,2013
812,SW,Gly-AMC,killed,150,A,101.5821232,4032.209211,2.513033496,7.319741825,0.015746083,0.999388359,3,2013
813,SW,Gly-AMC,killed,200,A,152.9225205,5033.741426,8.134068959,23.69219704,0.033830425,0.997178722,3,2013
814,SW,Gly-AMC,killed,250,A,260.9161956,6460.822359,33.61949621,97.92389674,0.081580039,0.983668388,3,2013
815,SW,Gly-AMC,killed,300,A,176.0095911,5696.689425,36.78750012,107.4835701,0.131170653,0.958143913,3,2013
816,SW,Gly-AMC,killed,400,A,184.669896,6115.081569,44.74503866,130.7610899,0.151334793,0.944547471,3,2013
817,SW,Gly-AMC,killed,400,B,222.6355392,7124.12258,40.3832489,118.1467271,0.114232715,0.968146681,3,2013
818,SW,Gly-AMC,killed,400,C,229.0301885,6705.259183,45.58686203,133.3706102,0.125080013,0.961891655,3,2013
819,SW,Gly-AMC,live,0,A,20.79299392,145.3375967,7.470232589,21.46347168,0.219574207,0.885682607,3,2013
820,SW,Gly-AMC,live,50,A,43.37541312,3383.907424,6.172958884,17.73902924,0.089996021,0.980148586,3,2013
821,SW,Gly-AMC,live,100,A,76.86189522,3970.903831,3.513462764,10.09652257,0.02908052,0.997914827,3,2013
822,SW,Gly-AMC,live,150,A,99.78752754,4406.579731,3.155727747,9.097089341,0.020126056,0.999000892,3,2013
823,SW,Gly-AMC,live,200,A,157.9883897,4943.670116,17.5871792,50.70772326,0.070577581,0.987759665,3,2013
824,SW,Gly-AMC,live,250,A,199.4144372,5702.405856,5.377139054,15.50347989,0.017162066,0.999273436,3,2013
825,SW,Gly-AMC,live,300,A,235.4326272,5964.124343,32.206742,92.96304151,0.086551161,0.981630043,3,2013
826,SW,Gly-AMC,live,400,A,207.9934934,7231.12557,74.60810191,215.3917894,0.219256825,0.885999685,3,2013
827,SW,Gly-AMC,live,400,B,240.2574457,7313.093135,26.36109634,76.34231958,0.069571763,0.988104679,3,2013
828,SW,Gly-AMC,live,400,C,313.069157,6981.551489,15.84288775,45.88135426,0.032188732,0.997445668,3,2013
829,SW,GlyGlyArg-AMC,killed,0,A,21.56253018,139.6009657,5.724437676,17.90685887,0.1651996,0.93416033,3,2013
830,SW,GlyGlyArg-AMC,killed,50,A,78.50411581,3267.995175,1.401176498,4.395567077,0.011361467,0.999681534,3,2013
831,SW,GlyGlyArg-AMC,killed,100,A,95.64362759,3977.09885,1.862089819,5.841477299,0.012392812,0.9996211,3,2013
832,SW,GlyGlyArg-AMC,killed,150,A,158.6027533,5032.301944,32.65847432,102.4514147,0.129281724,0.959324233,3,2013
833,SW,GlyGlyArg-AMC,killed,200,A,180.4941835,5381.750814,57.84252883,181.9708824,0.197432985,0.906865419,3,2013
834,SW,GlyGlyArg-AMC,killed,250,A,191.0593423,6142.983,77.83876633,244.9574786,0.246292088,0.857647765,3,2013
835,SW,GlyGlyArg-AMC,killed,300,A,470.492478,8160.805209,67.06473195,211.2854446,0.090137574,0.980086508,3,2013
836,SW,GlyGlyArg-AMC,killed,400,A,246.7953449,6265.747374,22.19021096,69.90960005,0.057087146,0.991980412,3,2013
837,SW,GlyGlyArg-AMC,killed,400,B,246.8677264,5760.230272,55.78157384,175.7381903,0.141473123,0.951423442,3,2013
838,SW,GlyGlyArg-AMC,killed,400,C,206.0786262,5489.455932,8.849535775,27.88019942,0.027321272,0.998159334,3,2013
839,SW,GlyGlyArg-AMC,live,0,A,33.7242407,91.65951604,2.249994471,6.968225571,0.042410779,0.995568511,3,2013
840,SW,GlyGlyArg-AMC,live,50,A,31.29009367,3539.310602,19.49847716,60.38672045,0.354768556,0.720296006,3,2013
841,SW,GlyGlyArg-AMC,live,100,A,117.4893336,4805.554207,80.07994692,248.0827412,0.380867574,0.682794511,3,2013
842,SW,GlyGlyArg-AMC,live,150,A,94.55335587,4708.1925,21.79490297,67.59446312,0.144224156,0.949548604,3,2013
843,SW,GlyGlyArg-AMC,live,200,A,116.4596934,5180.144763,62.5477814,194.5434503,0.313768965,0.776125557,3,2013
844,SW,GlyGlyArg-AMC,live,250,A,143.4303151,5997.017882,70.30956173,218.6850504,0.290156674,0.80625903,3,2013
845,SW,GlyGlyArg-AMC,live,300,A,243.8362191,6617.78541,65.61193316,204.0739347,0.167339324,0.932483432,3,2013
846,SW,GlyGlyArg-AMC,live,400,A,126.1658068,5416.286404,72.47638703,225.4946753,0.331948484,0.751881507,3,2013
847,SW,GlyGlyArg-AMC,live,400,B,9.147743401,1298.746487,3.263266317,10.19336738,0.218142186,0.88711021,3,2013
848,SW,GlyGlyArg-AMC,live,400,C,198.8915697,5631.666123,37.8096416,118.1048465,0.119595505,0.965121766,3,2013
849,SW,Leu-AMC,killed,0,A,20.39652133,154.3948029,7.376003574,21.96360259,0.220905937,0.884347981,3,2013
850,SW,Leu-AMC,killed,50,A,-964.0858443,4614.279035,887.0151476,2644.265182,0.473509599,0.541563009,3,2013
851,SW,Leu-AMC,killed,100,A,39.86780083,1020.644001,0.80892225,2.418726624,0.012915316,0.999588481,3,2013
852,SW,Leu-AMC,killed,150,A,44.97573654,1339.390487,4.668141514,13.96156767,0.065840565,0.989341947,3,2013
853,SW,Leu-AMC,killed,200,A,49.63813817,1606.074608,6.176339369,18.4723149,0.078807838,0.98475389,3,2013
854,SW,Leu-AMC,killed,250,A,72.28494575,1935.728794,5.079897472,15.19305533,0.044665663,0.995085554,3,2013
855,SW,Leu-AMC,killed,300,A,93.39979808,2273.806032,0.983622998,2.950671655,0.006704198,0.999889104,3,2013
856,SW,Leu-AMC,killed,400,A,104.3421603,3128.477209,3.047560726,9.154760974,0.018588709,0.999147656,3,2013
857,SW,Leu-AMC,killed,400,B,126.1983606,3025.962778,27.18722596,81.66943258,0.135084029,0.955647306,3,2013
858,SW,Leu-AMC,killed,400,C,113.4984824,2995.089711,6.733532065,20.22728409,0.037724566,0.996492644,3,2013
859,SW,Leu-AMC,live,0,A,19.17789571,154.0039276,0.966776546,2.840969626,0.032065484,0.997465175,3,2013
860,SW,Leu-AMC,live,50,A,23.31339466,139.7125256,3.220032626,9.493586432,0.087376727,0.981280143,3,2013
861,SW,Leu-AMC,live,100,A,45.018811,995.2066302,3.035283598,8.958944038,0.042857674,0.995474769,3,2013
862,SW,Leu-AMC,live,150,A,89.16958979,1370.081224,4.465096718,13.1791809,0.031851628,0.997498845,3,2013
863,SW,Leu-AMC,live,200,A,65.07419208,1608.939645,3.926086947,11.60134888,0.038362344,0.996373194,3,2013
864,SW,Leu-AMC,live,250,A,88.49162919,2073.994392,10.08149852,29.88090075,0.072216192,0.987187163,3,2013
865,SW,Leu-AMC,live,300,A,106.7308846,2415.813835,3.862573092,11.4511281,0.023029114,0.998692009,3,2013
866,SW,Leu-AMC,live,400,A,168.5100234,3038.015612,24.91217985,73.85557658,0.093439756,0.978611405,3,2013
867,SW,Leu-AMC,live,400,B,4.413290851,3448.060173,121.9641275,361.9886568,0.976973861,0.001307653,3,2013
868,SW,Leu-AMC,live,400,C,141.8616243,3001.322877,33.47173875,99.64468269,0.147510299,0.947265089,3,2013
869,SW,Pyr-AMC,killed,0,A,19.76880363,157.2390712,5.028280764,15.34907355,0.158564565,0.939235128,3,2013
870,SW,Pyr-AMC,killed,50,A,89.62140333,3324.085815,7.764064195,23.7001866,0.055014168,0.992550836,3,2013
871,SW,Pyr-AMC,killed,100,A,100.5401312,3265.910904,21.98069526,67.09714989,0.137025683,0.954383007,3,2013
872,SW,Pyr-AMC,killed,150,A,141.0949475,3947.551767,24.70864135,75.86673627,0.110366152,0.970245248,3,2013
873,SW,Pyr-AMC,killed,200,A,171.5500652,4336.322063,0.619638649,1.903122859,0.00229946,0.999986954,3,2013
874,SW,Pyr-AMC,killed,250,A,188.2375664,4917.484629,47.92759936,147.3660027,0.158718805,0.939119316,3,2013
875,SW,Pyr-AMC,killed,300,A,225.8136166,5291.089973,39.7538138,122.2335504,0.110938247,0.969939111,3,2013
876,SW,Pyr-AMC,killed,400,A,260.2178541,6217.687269,3.838486143,11.83677306,0.009390128,0.999782454,3,2013
877,SW,Pyr-AMC,killed,400,B,317.5141924,6251.659594,0.800145526,2.46741571,0.001604298,0.999993649,3,2013
878,SW,Pyr-AMC,killed,400,C,237.06839,7271.548351,40.08171558,123.6370361,0.106626458,0.972208952,3,2013
879,SW,Pyr-AMC,live,0,A,18.64764363,144.719518,5.850145544,17.65072206,0.193530038,0.910398186,3,2013
880,SW,Pyr-AMC,live,50,A,96.65582232,2766.09998,3.103279995,9.363037594,0.020432613,0.998970234,3,2013
881,SW,Pyr-AMC,live,100,A,122.0519939,3446.753281,6.465681838,19.56583571,0.03369332,0.997201522,3,2013
882,SW,Pyr-AMC,live,150,A,152.7183241,3999.324457,8.53784762,25.83642809,0.035553759,0.996884274,3,2013
883,SW,Pyr-AMC,live,200,A,194.8107017,4538.536598,3.541042792,10.71556925,0.011570461,0.999669712,3,2013
884,SW,Pyr-AMC,live,250,A,222.2362443,5097.534326,22.53152413,68.18277029,0.064324194,0.989825571,3,2013
885,SW,Pyr-AMC,live,300,A,270.4013125,5705.365724,28.86605624,87.73290351,0.067704434,0.98873228,3,2013
886,SW,Pyr-AMC,live,400,A,359.0307925,6649.003534,0.314759359,0.956651379,0.000558119,0.999999231,3,2013
887,SW,Pyr-AMC,live,400,B,347.7410399,6482.224382,43.10891725,131.0213784,0.078520164,0.98486443,3,2013
888,SW,Pyr-AMC,live,400,C,311.6304897,6749.957597,70.58478632,214.5290717,0.141802707,0.951200605,3,2013
889,TW,Arg-AMC,killed,0,A,61.15384615,618.0692308,236.7580219,339.399045,0.839080302,0.062544457,3,2013
890,TW,Arg-AMC,killed,50,A,19.53361599,1239.164143,0.157363792,0.225585264,0.00512853,0.999935104,3,2013
891,TW,Arg-AMC,killed,100,A,24.03726708,1645.226708,0.645484773,0.927339801,0.017091362,0.999279409,3,2013
892,TW,Arg-AMC,killed,150,A,42.85714286,2067.714286,3.227423865,4.636699005,0.047851323,0.994360902,3,2013
893,TW,Arg-AMC,killed,200,A,39.58452436,2425.670013,5.979219467,8.644440255,0.095439565,0.977693027,3,2013
894,TW,Arg-AMC,killed,250,A,53.15566323,2841.081365,4.888768482,7.06901948,0.058386172,0.991612322,3,2013
895,TW,Arg-AMC,killed,300,A,48.3646275,3242.93832,22.16731288,32.05330077,0.273597252,0.826396368,3,2013
896,TW,Arg-AMC,killed,400,A,53.50696548,4055.367454,2.308002287,3.337305334,0.027443336,0.99814286,3,2013
897,TW,Arg-AMC,killed,400,B,36.80193822,4092.7979,15.92521578,23.0274068,0.259994099,0.84228031,3,2013
898,TW,Arg-AMC,killed,400,C,37.08074534,4072.956522,5.163878184,7.483170424,0.088089366,0.980975501,3,2013
899,TW,Arg-AMC,live,0,A,16.29315566,775.2970725,9.798518802,13.80513589,0.344691369,0.734393243,3,2013
900,TW,Arg-AMC,live,50,A,1421.066021,2826.565112,63.97362704,90.13246107,0.028640046,0.997977474,3,2013
901,TW,Arg-AMC,live,100,A,1719.223602,3382.917702,44.69982053,63.11404312,0.016548388,0.999324456,3,2013
902,TW,Arg-AMC,live,150,A,1756.186342,3903.094265,75.26944151,106.2843131,0.027268579,0.998166423,3,2013
903,TW,Arg-AMC,live,200,A,1907.652608,4385.896165,46.86091935,66.17002233,0.015635231,0.999396939,3,2013
904,TW,Arg-AMC,live,250,A,1980.702604,4883.595599,74.44356469,105.7969098,0.02391573,0.998589404,3,2013
905,TW,Arg-AMC,live,300,A,1919.993943,5268.339693,58.48687615,83.11975372,0.019386723,0.999072926,3,2013
906,TW,Arg-AMC,live,400,A,1936.583851,6039.161491,13.23243785,18.84644108,0.004349876,0.999953314,3,2013
907,TW,Arg-AMC,live,400,B,1922.701863,6072.481366,13.07106665,18.61660644,0.004327853,0.999953786,3,2013
908,TW,Arg-AMC,live,400,C,1863.63354,6072.164596,51.15466826,72.85758321,0.017470118,0.999247126,3,2013
909,TW,Gly-AMC,killed,0,A,12.13870382,832.009469,1.257861247,1.866416309,0.065734484,0.989376141,3,2013
910,TW,Gly-AMC,killed,50,A,17.49242883,1623.508581,0.503564135,0.747189181,0.018321662,0.999171963,3,2013
911,TW,Gly-AMC,killed,100,A,44.83400702,2317.272381,6.077270576,9.072473711,0.085771338,0.981957581,3,2013
912,TW,Gly-AMC,killed,150,A,-39.9335239,3408.035033,379.2365715,567.3781316,0.933210214,0.010966445,3,2013
913,TW,Gly-AMC,killed,200,A,49.13115735,3634.77212,15.08103535,22.56282833,0.189601218,0.913892054,3,2013
914,TW,Gly-AMC,killed,250,A,66.97999069,4366.678455,17.31244828,25.90125873,0.161024202,0.937376022,3,2013
915,TW,Gly-AMC,killed,300,A,95.35352197,5058.147041,8.690669084,13.08473051,0.057862657,0.99176165,3,2013
916,TW,Gly-AMC,killed,400,A,96.86634418,6463.732225,13.98288714,21.05273004,0.091267133,0.979587734,3,2013
917,TW,Gly-AMC,killed,400,B,117.1950169,6406.574647,5.305990911,7.988736024,0.028803217,0.997954378,3,2013
918,TW,Gly-AMC,killed,400,C,81.47045137,6509.737087,8.269353786,12.47757326,0.064397165,0.989802553,3,2013
919,TW,Gly-AMC,live,0,A,17.46274985,760.4576418,2.025796553,2.954624254,0.073523539,0.986721139,3,2013
920,TW,Gly-AMC,live,50,A,263.5857056,1883.055724,16.78547118,24.48160956,0.040486084,0.995961076,3,2013
921,TW,Gly-AMC,live,100,A,352.1098668,2797.722981,38.76713281,56.89393798,0.069810369,0.988023273,3,2013
922,TW,Gly-AMC,live,150,A,383.3682327,3524.831787,50.61178481,74.27693351,0.083562497,0.982869621,3,2013
923,TW,Gly-AMC,live,200,A,449.6789204,4358.690088,33.70607947,49.57370435,0.047629329,0.994413006,3,2013
924,TW,Gly-AMC,live,250,A,456.0985176,5058.557203,18.51105553,27.22540291,0.025823456,0.998355514,3,2013
925,TW,Gly-AMC,live,300,A,505.8691702,5808.446093,33.56045144,49.37113893,0.042172929,0.995618005,3,2013
926,TW,Gly-AMC,live,400,A,571.3204119,7362.358873,49.71646746,73.13842682,0.055259632,0.992484382,3,2013
927,TW,Gly-AMC,live,400,B,468.4997681,7394.239149,31.05433616,45.96593485,0.04213647,0.995625567,3,2013
928,TW,Gly-AMC,live,400,C,436.4402624,7504.883706,33.75037178,49.95654656,0.049132674,0.994055462,3,2013
929,TW,GlyGlyArg-AMC,killed,0,A,8.903990746,820.8462792,0.253446417,0.422811794,0.018116084,0.999190436,3,2013
930,TW,GlyGlyArg-AMC,killed,50,A,15.50728408,1722.645682,2.365574074,3.948926615,0.096370854,0.977258911,3,2013
931,TW,GlyGlyArg-AMC,killed,100,A,-1.758241758,2555.069597,3.806705072,6.401983149,0.724541323,0.175824176,3,2013
932,TW,GlyGlyArg-AMC,killed,150,A,4.812030075,3355.756892,16.92981992,28.47197769,0.823700543,0.074749982,3,2013
933,TW,GlyGlyArg-AMC,killed,200,A,44.53441296,4239.802969,33.93978101,57.07873397,0.414567897,0.632591093,3,2013
934,TW,GlyGlyArg-AMC,killed,250,A,-700.4395604,6589.600733,641.8104751,1079.374359,0.472210301,0.543596526,3,2013
935,TW,GlyGlyArg-AMC,killed,300,A,-7.680740312,5858.830345,20.27571333,34.09898393,0.769473008,0.125492411,3,2013
936,TW,GlyGlyArg-AMC,killed,400,A,16.25568437,7251.603279,3.527779138,5.96814014,0.136048431,0.955021456,3,2013
937,TW,GlyGlyArg-AMC,killed,400,B,32.69519954,7221.104974,38.37759771,65.06295144,0.550790858,0.420556028,3,2013
938,TW,GlyGlyArg-AMC,killed,400,C,71.69462117,7484.822441,15.24685558,25.84855445,0.133398693,0.956730961,3,2013
939,TW,GlyGlyArg-AMC,live,0,A,12.07056102,755.4737613,1.292276195,2.121131403,0.06789799,0.988668008,3,2013
940,TW,GlyGlyArg-AMC,live,50,A,602.9149798,2165.161943,11.92099746,19.56702612,0.012585778,0.99960921,3,2013
941,TW,GlyGlyArg-AMC,live,100,A,870.3511967,3199.53564,22.34453682,36.69818871,0.016340358,0.999341331,3,2013
942,TW,GlyGlyArg-AMC,live,150,A,1436.916803,4325.093801,37.00881155,60.91274302,0.01639297,0.999337083,3,2013
943,TW,GlyGlyArg-AMC,live,200,A,1268.785425,5248.619433,25.1743417,41.65827468,0.012629701,0.999606478,3,2013
944,TW,GlyGlyArg-AMC,live,250,A,1387.952574,6253.729902,43.42649075,71.8617671,0.019912169,0.999022008,3,2013
945,TW,GlyGlyArg-AMC,live,300,A,1584.476576,7101.031232,41.81364992,69.19285257,0.016796222,0.999304075,3,2013
946,TW,GlyGlyArg-AMC,live,400,A,1792.573742,8596.901677,13.34350304,22.08070906,0.004738762,0.999944593,3,2013
947,TW,GlyGlyArg-AMC,live,400,B,1725.230016,8937.857423,5.272441773,8.74894715,0.001945555,0.99999066,3,2013
948,TW,GlyGlyArg-AMC,live,400,C,1814.488143,8830.441006,32.50725778,54.23020837,0.01140407,0.999679142,3,2013
949,TW,Leu-AMC,killed,0,A,11.09031873,828.8300046,1.256772669,1.940852309,0.071836315,0.987321035,3,2013
950,TW,Leu-AMC,killed,50,A,16.01683122,1189.024153,4.46584699,6.896672453,0.173107185,0.927866042,3,2013
951,TW,Leu-AMC,killed,100,A,26.6463455,1548.87635,5.791483914,8.943872834,0.13624789,0.954891496,3,2013
952,TW,Leu-AMC,killed,150,A,38.89722675,1866.22447,2.576884725,4.002705641,0.042113596,0.995630308,3,2013
953,TW,Leu-AMC,killed,200,A,45.40062844,2246.095902,15.01428175,23.37237481,0.203326501,0.901415136,3,2013
954,TW,Leu-AMC,killed,250,A,60.63629222,2579.892511,1.115696514,1.736778191,0.011712364,0.999661561,3,2013
955,TW,Leu-AMC,killed,300,A,82.84341661,3008.746935,4.073320732,6.343627037,0.031276714,0.997588249,3,2013
956,TW,Leu-AMC,killed,400,A,162.2158903,6242.736134,46.23546136,72.00526108,0.176764851,0.924865055,3,2013
957,TW,Leu-AMC,killed,400,B,78.21533442,3592.302284,1.034144528,1.619823567,0.008416745,0.999825216,3,2013
958,TW,Leu-AMC,killed,400,C,71.0995106,3628.372268,8.103624333,12.69304369,0.072247488,0.987176103,3,2013
959,TW,Leu-AMC,live,0,A,13.65814061,758.8229574,1.184809521,1.799057533,0.055087269,0.992531076,3,2013
960,TW,Leu-AMC,live,50,A,1134.775694,2130.124047,29.47390149,44.75423563,0.016531417,0.999325841,3,2013
961,TW,Leu-AMC,live,100,A,1506.466768,2783.086177,25.49010429,38.7050942,0.010770869,0.99971378,3,2013
962,TW,Leu-AMC,live,150,A,1786.567164,3335.228856,27.40259487,41.94692647,0.00976379,0.999764797,3,2013
963,TW,Leu-AMC,live,200,A,1599.591516,4140.816706,284.9652169,436.214711,0.112235558,0.969239278,3,2013
964,TW,Leu-AMC,live,250,A,2160.235664,4296.054465,61.81230808,94.62010275,0.01821107,0.999181927,3,2013
965,TW,Leu-AMC,live,300,A,2065.524044,5019.739416,139.5891995,213.3359935,0.04295778,0.995453636,3,2013
966,TW,Leu-AMC,live,400,A,2119.166813,5718.277611,126.8329824,193.8405006,0.038056551,0.996430715,3,2013
967,TW,Leu-AMC,live,400,B,2002.47178,5805.073806,114.7815783,176.4587464,0.036451126,0.996725183,3,2013
968,TW,Leu-AMC,live,400,C,2093.890694,5894.991761,135.9935227,209.5228908,0.041289042,0.995799506,3,2013
969,TW,Pyr-AMC,killed,0,A,9.233931485,826.4344209,1.359645756,2.183365751,0.093069999,0.978779141,3,2013
970,TW,Pyr-AMC,killed,50,A,14.43719413,1601.885808,2.729463426,4.383065909,0.118953913,0.96549063,3,2013
971,TW,Pyr-AMC,killed,100,A,30.41241163,2284.637405,8.578617708,13.80573184,0.175027739,0.926297314,3,2013
972,TW,Pyr-AMC,killed,150,A,48.58922537,3119.040554,3.31925713,5.344702605,0.043421702,0.995355063,3,2013
973,TW,Pyr-AMC,killed,200,A,47.27519714,3768.067524,7.378805011,11.88142913,0.098569554,0.976217796,3,2013
974,TW,Pyr-AMC,killed,250,A,73.70309951,4438.595432,16.68193796,27.0101856,0.141704704,0.951266916,3,2013
975,TW,Pyr-AMC,killed,300,A,84.99836868,5208.307667,7.628935041,12.35221902,0.056986411,0.992008614,3,2013
976,TW,Pyr-AMC,killed,400,A,85.87928222,6564.167374,38.21248796,61.87089262,0.266521688,0.834734506,3,2013
977,TW,Pyr-AMC,killed,400,B,99.34928103,6690.627328,2.458453933,3.991501559,0.015750301,0.999388032,3,2013
978,TW,Pyr-AMC,killed,400,C,52.61990212,6582.009462,9.934568743,16.21801232,0.118794676,0.965581885,3,2013
979,TW,Pyr-AMC,live,0,A,12.48352365,755.031615,0.149188063,0.235633543,0.007607752,0.999857199,3,2013
980,TW,Pyr-AMC,live,50,A,23.73572594,1608.128874,0.796799882,1.258497332,0.021363077,0.998874347,3,2013
981,TW,Pyr-AMC,live,100,A,31.33742818,2332.161548,4.893807116,7.733345119,0.09862112,0.976193106,3,2013
982,TW,Pyr-AMC,live,150,A,40.61758664,3160.335697,0.206592767,0.327171656,0.003238004,0.99997413,3,2013
983,TW,Pyr-AMC,live,200,A,40.73885097,3814.850109,2.923287659,4.629478937,0.045603603,0.994877345,3,2013
984,TW,Pyr-AMC,live,250,A,41.32728116,4630.444636,11.15256623,17.66181658,0.167800895,0.932119134,3,2013
985,TW,Pyr-AMC,live,300,A,67.67373573,5383.989233,12.27410882,19.54780016,0.114223205,0.968151928,3,2013
986,TW,Pyr-AMC,live,400,A,112.1523959,6850.606965,7.986754313,12.7473388,0.045259458,0.994954239,3,2013
987,TW,Pyr-AMC,live,400,B,99.54211119,6886.360314,11.88941377,18.98621595,0.075680002,0.985934498,3,2013
988,TW,Pyr-AMC,live,400,C,141.7480618,6831.664966,3.42943994,5.476475842,0.015399318,0.999414997,3,2013
