fluorimeter number,site,substrate ,sample.type,rep,RFU,time,date,exp.time,exp.date,year,when
2,FP2016,1,whole,1,291394.71,14:28,6/1/2016,14:28,6/1/2016,2016,PEEC2016
2,FP2016,1,whole,2,305717.53,14:30,6/1/2016,14:28,6/1/2016,2016,PEEC2017
2,FP2016,1,whole,3,284892.4,14:31,6/1/2016,14:28,6/1/2016,2016,PEEC2018
2,FP2016,1,whole,k,285566.53,14:32,6/1/2016,14:28,6/1/2016,2016,PEEC2019
2,FP2016,2,whole,1,471270.59,14:33,6/1/2016,14:28,6/1/2016,2016,PEEC2020
2,FP2016,2,whole,2,463066.28,14:34,6/1/2016,14:28,6/1/2016,2016,PEEC2021
2,FP2016,2,whole,3,489341.28,14:35,6/1/2016,14:28,6/1/2016,2016,PEEC2022
2,FP2016,2,whole,k,518586.18,14:35,6/1/2016,14:28,6/1/2016,2016,PEEC2023
2,FP2016,3,whole,1,387663.5,14:36,6/1/2016,14:28,6/1/2016,2016,PEEC2024
2,FP2016,3,whole,2,332877.31,14:37,6/1/2016,14:28,6/1/2016,2016,PEEC2025
2,FP2016,3,whole,3,364129.58,14:37,6/1/2016,14:28,6/1/2016,2016,PEEC2026
2,FP2016,3,whole,k,305181.31,14:38,6/1/2016,14:28,6/1/2016,2016,PEEC2027
2,FP2016,4,whole,1,432233.68,14:38,6/1/2016,14:28,6/1/2016,2016,PEEC2028
2,FP2016,4,whole,2,317445.5,14:39,6/1/2016,14:28,6/1/2016,2016,PEEC2029
2,FP2016,4,whole,3,436893.34,14:40,6/1/2016,14:28,6/1/2016,2016,PEEC2030
2,FP2016,4,whole,k,417708.03,14:40,6/1/2016,14:28,6/1/2016,2016,PEEC2031
2,FP2016,5,whole,1,447207.46,14:41,6/1/2016,14:28,6/1/2016,2016,PEEC2032
2,FP2016,5,whole,2,508250.28,14:42,6/1/2016,14:28,6/1/2016,2016,PEEC2033
2,FP2016,5,whole,3,535256.31,14:42,6/1/2016,14:28,6/1/2016,2016,PEEC2034
2,FP2016,5,whole,k,452316.68,14:43,6/1/2016,14:28,6/1/2016,2016,PEEC2035
2,FP2016,6,whole,1,8193.99,14:43,6/1/2016,14:28,6/1/2016,2016,PEEC2036
2,FP2016,6,whole,2,9027.91,14:44,6/1/2016,14:28,6/1/2016,2016,PEEC2037
2,FP2016,6,whole,3,7799,14:44,6/1/2016,14:28,6/1/2016,2016,PEEC2038
2,FP2016,6,whole,k,5519.08,14:45,6/1/2016,14:28,6/1/2016,2016,PEEC2039
2,FP2016,7,whole,1,13619.44,14:45,6/1/2016,14:28,6/1/2016,2016,PEEC2040
2,FP2016,7,whole,2,8124.35,14:15,6/1/2016,14:28,6/1/2016,2016,PEEC2041
2,FP2016,7,whole,3,31616.46,14:47,6/1/2016,14:28,6/1/2016,2016,PEEC2042
2,FP2016,7,whole,k,9580.45,14:48,6/1/2016,14:28,6/1/2016,2016,PEEC2043
2,FP2016,1,whole,1,324153.71,15:06,6/1/2016,14:28,6/1/2016,2016,PEEC2044
2,FP2016,1,whole,2,333687.65,15:07,6/1/2016,14:28,6/1/2016,2016,PEEC2045
2,FP2016,1,whole,3,310283.06,15:08,6/1/2016,14:28,6/1/2016,2016,PEEC2046
2,FP2016,1,whole,k,286636.5,15:08,6/1/2016,14:28,6/1/2016,2016,PEEC2047
2,FP2016,2,whole,1,491769.75,15:09,6/1/2016,14:28,6/1/2016,2016,PEEC2048
2,FP2016,2,whole,2,480904.65,15:09,6/1/2016,14:28,6/1/2016,2016,PEEC2049
2,FP2016,2,whole,3,503959.25,15:10,6/1/2016,14:28,6/1/2016,2016,PEEC2050
2,FP2016,2,whole,k,429685.5,15:10,6/1/2016,14:28,6/1/2016,2016,PEEC2051
2,FP2016,3,whole,1,474161.93,15:10,6/1/2016,14:28,6/1/2016,2016,PEEC2052
2,FP2016,3,whole,2,330050.9,15:11,6/1/2016,14:28,6/1/2016,2016,PEEC2053
2,FP2016,3,whole,3,435765.31,15:11,6/1/2016,14:28,6/1/2016,2016,PEEC2054
2,FP2016,3,whole,k,412710.15,15:12,6/1/2016,14:28,6/1/2016,2016,PEEC2055
2,FP2016,4,whole,1,579361.37,15:12,6/1/2016,14:28,6/1/2016,2016,PEEC2056
2,FP2016,4,whole,2,644189.12,15:13,6/1/2016,14:28,6/1/2016,2016,PEEC2057
2,FP2016,4,whole,3,676092,15:13,6/1/2016,14:28,6/1/2016,2016,PEEC2058
2,FP2016,4,whole,k,454687.12,15:14,6/1/2016,14:28,6/1/2016,2016,PEEC2059
2,FP2016,5,whole,1,584130.25,15:14,6/1/2016,14:28,6/1/2016,2016,PEEC2060
2,FP2016,5,whole,2,652532.93,15:15,6/1/2016,14:28,6/1/2016,2016,PEEC2061
2,FP2016,5,whole,3,689457,15:15,6/1/2016,14:28,6/1/2016,2016,PEEC2062
2,FP2016,5,whole,k,450855.75,15:16,6/1/2016,14:28,6/1/2016,2016,PEEC2063
2,FP2016,6,whole,1,11807.12,15:17,6/1/2016,14:28,6/1/2016,2016,PEEC2064
2,FP2016,6,whole,2,13504.37,15:17,6/1/2016,14:28,6/1/2016,2016,PEEC2065
2,FP2016,6,whole,3,11568.87,15:18,6/1/2016,14:28,6/1/2016,2016,PEEC2066
2,FP2016,6,whole,k,4913.19,15:18,6/1/2016,14:28,6/1/2016,2016,PEEC2067
2,FP2016,7,whole,1,25728.69,15:18,6/1/2016,14:28,6/1/2016,2016,PEEC2068
2,FP2016,7,whole,2,13101.64,15:19,6/1/2016,14:28,6/1/2016,2016,PEEC2069
2,FP2016,7,whole,3,20121.97,15:19,6/1/2016,14:28,6/1/2016,2016,PEEC2070
2,FP2016,7,whole,k,8689.93,15:20,6/1/2016,14:28,6/1/2016,2016,PEEC2071
2,FP2016,1,whole,1,354461.93,15:38,6/1/2016,14:28,6/1/2016,2016,PEEC2072
2,FP2016,1,whole,2,355190.12,15:38,6/1/2016,14:28,6/1/2016,2016,PEEC2073
2,FP2016,1,whole,3,342391.4,15:38,6/1/2016,14:28,6/1/2016,2016,PEEC2074
2,FP2016,1,whole,k,236170.89,15:38,6/1/2016,14:28,6/1/2016,2016,PEEC2075
2,FP2016,2,whole,1,525940.12,15:39,6/1/2016,14:28,6/1/2016,2016,PEEC2076
2,FP2016,2,whole,2,525940.12,15:39,6/1/2016,14:28,6/1/2016,2016,PEEC2077
2,FP2016,2,whole,3,525940.12,15:39,6/1/2016,14:28,6/1/2016,2016,PEEC2078
2,FP2016,2,whole,k,436599.93,15:40,6/1/2016,14:28,6/1/2016,2016,PEEC2079
2,FP2016,3,whole,1,570813.43,15:40,6/1/2016,14:28,6/1/2016,2016,PEEC2080
2,FP2016,3,whole,2,569480.81,15:40,6/1/2016,14:28,6/1/2016,2016,PEEC2081
2,FP2016,3,whole,3,555259.81,15:41,6/1/2016,14:28,6/1/2016,2016,PEEC2082
2,FP2016,3,whole,k,302877.06,15:41,6/1/2016,14:28,6/1/2016,2016,PEEC2083
2,FP2016,4,whole,1,432352.12,15:41,6/1/2016,14:28,6/1/2016,2016,PEEC2084
2,FP2016,4,whole,2,320024.28,15:41,6/1/2016,14:28,6/1/2016,2016,PEEC2085
2,FP2016,4,whole,3,417534.12,15:42,6/1/2016,14:28,6/1/2016,2016,PEEC2086
2,FP2016,4,whole,k,409387.5,15:42,6/1/2016,14:28,6/1/2016,2016,PEEC2087
2,FP2016,5,whole,1,714206.37,15:42,6/1/2016,14:28,6/1/2016,2016,PEEC2088
2,FP2016,5,whole,2,764269.93,15:42,6/1/2016,14:28,6/1/2016,2016,PEEC2089
2,FP2016,5,whole,3,828541.37,15:43,6/1/2016,14:28,6/1/2016,2016,PEEC2090
2,FP2016,5,whole,k,448535.03,15:43,6/1/2016,14:28,6/1/2016,2016,PEEC2091
2,FP2016,6,whole,1,14876.08,15:43,6/1/2016,14:28,6/1/2016,2016,PEEC2092
2,FP2016,6,whole,2,17528.62,15:43,6/1/2016,14:28,6/1/2016,2016,PEEC2093
2,FP2016,6,whole,3,14706.27,15:44,6/1/2016,14:28,6/1/2016,2016,PEEC2094
2,FP2016,6,whole,k,4626.14,15:44,6/1/2016,14:28,6/1/2016,2016,PEEC2095
2,FP2016,7,whole,1,24141.23,15:44,6/1/2016,14:28,6/1/2016,2016,PEEC2096
2,FP2016,7,whole,2,14062.31,15:44,6/1/2016,14:28,6/1/2016,2016,PEEC2097
2,FP2016,7,whole,3,17737.09,15:45,6/1/2016,14:28,6/1/2016,2016,PEEC2098
2,FP2016,7,whole,k,33790.96,15:45,6/1/2016,14:28,6/1/2016,2016,PEEC2099
2,FP2016,1,whole,1,336823.18,15:51,6/1/2016,14:28,6/1/2016,2016,PEEC2100
2,FP2016,1,whole,2,3833880.81,15:51,6/1/2016,14:28,6/1/2016,2016,PEEC2101
2,FP2016,1,whole,3,364574.21,15:51,6/1/2016,14:28,6/1/2016,2016,PEEC2102
2,FP2016,1,whole,k,238797.21,15:52,6/1/2016,14:28,6/1/2016,2016,PEEC2103
2,FP2016,2,whole,1,479892.93,15:52,6/1/2016,14:28,6/1/2016,2016,PEEC2104
2,FP2016,2,whole,2,510487.93,15:52,6/1/2016,14:28,6/1/2016,2016,PEEC2105
2,FP2016,2,whole,3,555189.31,15:53,6/1/2016,14:28,6/1/2016,2016,PEEC2106
2,FP2016,3,whole,k,453486,15:53,6/1/2016,14:28,6/1/2016,2016,PEEC2107
2,FP2016,3,whole,1,645004.43,15:53,6/1/2016,14:28,6/1/2016,2016,PEEC2108
2,FP2016,3,whole,2,658047.56,15:54,6/1/2016,14:28,6/1/2016,2016,PEEC2109
2,FP2016,3,whole,3,623605.5,15:54,6/1/2016,14:28,6/1/2016,2016,PEEC2110
2,FP2016,3,whole,k,313086.21,15:54,6/1/2016,14:28,6/1/2016,2016,PEEC2111
2,FP2016,4,whole,1,432468.56,15:55,6/1/2016,14:28,6/1/2016,2016,PEEC2112
2,FP2016,4,whole,2,312699.25,15:55,6/1/2016,14:28,6/1/2016,2016,PEEC2113
2,FP2016,4,whole,3,352923.43,15:55,6/1/2016,14:28,6/1/2016,2016,PEEC2114
2,FP2016,4,whole,k,341073.43,15:56,6/1/2016,14:28,6/1/2016,2016,PEEC2115
2,FP2016,5,whole,1,827482.5,15:56,6/1/2016,14:28,6/1/2016,2016,PEEC2116
2,FP2016,5,whole,2,811402.06,15:56,6/1/2016,14:28,6/1/2016,2016,PEEC2117
2,FP2016,5,whole,3,915801.68,15:57,6/1/2016,14:28,6/1/2016,2016,PEEC2118
2,FP2016,5,whole,k,350194.62,15:57,6/1/2016,14:28,6/1/2016,2016,PEEC2119
2,FP2016,6,whole,1,17461.36,15:57,6/1/2016,14:28,6/1/2016,2016,PEEC2120
2,FP2016,6,whole,2,17461.36,15:58,6/1/2016,14:28,6/1/2016,2016,PEEC2121
2,FP2016,6,whole,3,18292.07,15:58,6/1/2016,14:28,6/1/2016,2016,PEEC2122
2,FP2016,6,whole,k,4209.76,15:58,6/1/2016,14:28,6/1/2016,2016,PEEC2123
2,FP2016,7,whole,1,45752.87,15:59,6/1/2016,14:28,6/1/2016,2016,PEEC2124
2,FP2016,7,whole,2,40482.26,15:59,6/1/2016,14:28,6/1/2016,2016,PEEC2125
2,FP2016,7,whole,3,40880.05,15:59,6/1/2016,14:28,6/1/2016,2016,PEEC2126
2,FP2016,7,whole,k,45865.18,16:00,6/1/2016,14:28,6/1/2016,2016,PEEC2127
2,FP2016,1,filter,1,105895.52,14:32,6/1/2016,14:32,6/1/2016,2016,PEEC2128
1,FP2016,1,filter,2,111219.07,14:32,6/1/2016,14:32,6/1/2016,2016,PEEC2129
1,FP2016,1,filter,3,110684.41,14:32,6/1/2016,14:32,6/1/2016,2016,PEEC2130
1,FP2016,1,filter,k,95941.89,14:32,6/1/2016,14:32,6/1/2016,2016,PEEC2131
1,FP2016,2,filter,1,179011.14,14:33,6/1/2016,14:32,6/1/2016,2016,PEEC2132
1,FP2016,2,filter,2,164871.89,14:33,6/1/2016,14:32,6/1/2016,2016,PEEC2133
1,FP2016,2,filter,3,200994.23,14:33,6/1/2016,14:32,6/1/2016,2016,PEEC2134
1,FP2016,2,filter,k,162875.65,14:34,6/1/2016,14:32,6/1/2016,2016,PEEC2135
1,FP2016,3,filter,1,142849.68,14:34,6/1/2016,14:32,6/1/2016,2016,PEEC2136
1,FP2016,3,filter,2,154493.06,14:34,6/1/2016,14:32,6/1/2016,2016,PEEC2137
1,FP2016,3,filter,3,151486.79,14:34,6/1/2016,14:32,6/1/2016,2016,PEEC2138
1,FP2016,3,filter,k,130350.89,14:35,6/1/2016,14:32,6/1/2016,2016,PEEC2139
1,FP2016,4,filter,1,167451.45,14:35,6/1/2016,14:32,6/1/2016,2016,PEEC2140
1,FP2016,4,filter,2,160720.21,14:35,6/1/2016,14:32,6/1/2016,2016,PEEC2141
1,FP2016,4,filter,3,188184.03,14:36,6/1/2016,14:32,6/1/2016,2016,PEEC2142
1,FP2016,4,filter,k,165303.53,14:36,6/1/2016,14:32,6/1/2016,2016,PEEC2143
1,FP2016,5,filter,1,199102.04,14:36,6/1/2016,14:32,6/1/2016,2016,PEEC2144
1,FP2016,5,filter,2,222293.06,14:37,6/1/2016,14:32,6/1/2016,2016,PEEC2145
1,FP2016,5,filter,3,207275.71,14:37,6/1/2016,14:32,6/1/2016,2016,PEEC2146
1,FP2016,5,filter,k,175678.12,14:37,6/1/2016,14:32,6/1/2016,2016,PEEC2147
1,FP2016,6,filter,1,4187.12,14:38,6/1/2016,14:32,6/1/2016,2016,PEEC2148
1,FP2016,6,filter,2,3884.66,14:38,6/1/2016,14:32,6/1/2016,2016,PEEC2149
1,FP2016,6,filter,3,4087.63,14:38,6/1/2016,14:32,6/1/2016,2016,PEEC2150
1,FP2016,6,filter,k,2514.63,14:39,6/1/2016,14:32,6/1/2016,2016,PEEC2151
1,FP2016,7,filter,1,40532.89,14:39,6/1/2016,14:32,6/1/2016,2016,PEEC2152
1,FP2016,7,filter,2,41997.79,14:39,6/1/2016,14:32,6/1/2016,2016,PEEC2153
1,FP2016,7,filter,3,40851.84,14:40,6/1/2016,14:32,6/1/2016,2016,PEEC2154
1,FP2016,7,filter,k,37960.12,14:40,6/1/2016,14:32,6/1/2016,2016,PEEC2155
1,FP2016,1,filter,1,119275.53,15:05,6/1/2016,14:32,6/1/2016,2016,PEEC2156
1,FP2016,1,filter,2,125464.41,15:05,6/1/2016,14:32,6/1/2016,2016,PEEC2157
1,FP2016,1,filter,3,125751.46,15:05,6/1/2016,14:32,6/1/2016,2016,PEEC2158
1,FP2016,1,filter,k,97616.43,15:05,6/1/2016,14:32,6/1/2016,2016,PEEC2159
1,FP2016,2,filter,1,188288.04,15:06,6/1/2016,14:32,6/1/2016,2016,PEEC2160
1,FP2016,2,filter,2,173918.59,15:00,6/1/2016,14:32,6/1/2016,2016,PEEC2161
1,FP2016,2,filter,3,210326.35,15:06,6/1/2016,14:32,6/1/2016,2016,PEEC2162
1,FP2016,2,filter,k,165564.76,15:07,6/1/2016,14:32,6/1/2016,2016,PEEC2163
1,FP2016,3,filter,1,177466.28,15:07,6/1/2016,14:32,6/1/2016,2016,PEEC2164
1,FP2016,3,filter,2,189616.71,15:07,6/1/2016,14:32,6/1/2016,2016,PEEC2165
1,FP2016,3,filter,3,185740.67,15:08,6/1/2016,14:32,6/1/2016,2016,PEEC2166
1,FP2016,3,filter,k,131332.56,15:08,6/1/2016,14:32,6/1/2016,2016,PEEC2167
1,FP2016,4,filter,1,168591.2,15:08,6/1/2016,14:32,6/1/2016,2016,PEEC2168
1,FP2016,4,filter,2,161651.31,15:09,6/1/2016,14:32,6/1/2016,2016,PEEC2169
1,FP2016,4,filter,3,190108.78,15:09,6/1/2016,14:32,6/1/2016,2016,PEEC2170
1,FP2016,4,filter,k,167877.01,15:09,6/1/2016,14:32,6/1/2016,2016,PEEC2171
1,FP2016,5,filter,1,260867.26,15:10,6/1/2016,14:32,6/1/2016,2016,PEEC2172
1,FP2016,5,filter,2,285931.37,15:10,6/1/2016,14:32,6/1/2016,2016,PEEC2173
1,FP2016,5,filter,3,269519.59,15:10,6/1/2016,14:32,6/1/2016,2016,PEEC2174
1,FP2016,5,filter,k,174911.79,15:11,6/1/2016,14:32,6/1/2016,2016,PEEC2175
1,FP2016,6,filter,1,6505.3,15:11,6/1/2016,14:32,6/1/2016,2016,PEEC2176
1,FP2016,6,filter,2,6073.03,15:11,6/1/2016,14:32,6/1/2016,2016,PEEC2177
1,FP2016,6,filter,3,6343.15,15:12,6/1/2016,14:32,6/1/2016,2016,PEEC2178
1,FP2016,6,filter,k,2514.26,15:12,6/1/2016,14:32,6/1/2016,2016,PEEC2179
1,FP2016,7,filter,1,41917.72,15:12,6/1/2016,14:32,6/1/2016,2016,PEEC2180
1,FP2016,7,filter,2,43052.23,15:13,6/1/2016,14:32,6/1/2016,2016,PEEC2181
1,FP2016,7,filter,3,41456.37,15:13,6/1/2016,14:32,6/1/2016,2016,PEEC2182
1,FP2016,7,filter,k,37801.56,15:13,6/1/2016,14:32,6/1/2016,2016,PEEC2183
1,FP2016,1,filter,1,130611.97,15:28,6/1/2016,14:32,6/1/2016,2016,PEEC2184
1,FP2016,1,filter,2,135820.46,15:28,6/1/2016,14:32,6/1/2016,2016,PEEC2185
1,FP2016,1,filter,3,135051.07,15:28,6/1/2016,14:32,6/1/2016,2016,PEEC2186
1,FP2016,1,filter,k,97833.54,15:29,6/1/2016,14:32,6/1/2016,2016,PEEC2187
1,FP2016,2,filter,1,193296.93,15:29,6/1/2016,14:32,6/1/2016,2016,PEEC2188
1,FP2016,2,filter,2,177223.01,15:30,6/1/2016,14:32,6/1/2016,2016,PEEC2189
1,FP2016,2,filter,3,214268.65,15:30,6/1/2016,14:32,6/1/2016,2016,PEEC2190
1,FP2016,2,filter,k,166138.03,15:30,6/1/2016,14:32,6/1/2016,2016,PEEC2191
1,FP2016,3,filter,1,167550.42,15:31,6/1/2016,14:32,6/1/2016,2016,PEEC2192
1,FP2016,3,filter,2,214202.67,15:31,6/1/2016,14:32,6/1/2016,2016,PEEC2193
1,FP2016,3,filter,3,208740.98,15:32,6/1/2016,14:32,6/1/2016,2016,PEEC2194
1,FP2016,3,filter,k,131360.92,15:32,6/1/2016,14:32,6/1/2016,2016,PEEC2195
1,FP2016,4,filter,1,165334.07,15:32,6/1/2016,14:32,6/1/2016,2016,PEEC2196
1,FP2016,4,filter,2,160453.46,15:33,6/1/2016,14:32,6/1/2016,2016,PEEC2197
1,FP2016,4,filter,3,189054.56,15:33,6/1/2016,14:32,6/1/2016,2016,PEEC2198
1,FP2016,4,filter,k,166767.18,15:34,6/1/2016,14:32,6/1/2016,2016,PEEC2199
1,FP2016,5,filter,1,295699.81,15:34,6/1/2016,14:32,6/1/2016,2016,PEEC2200
1,FP2016,5,filter,2,323050.12,15:35,6/1/2016,14:32,6/1/2016,2016,PEEC2201
1,FP2016,5,filter,3,306185.9,15:35,6/1/2016,14:32,6/1/2016,2016,PEEC2202
1,FP2016,5,filter,k,170394.39,15:36,6/1/2016,14:32,6/1/2016,2016,PEEC2203
1,FP2016,6,filter,1,7918.55,15:36,6/1/2016,14:32,6/1/2016,2016,PEEC2204
1,FP2016,6,filter,2,7346.01,15:37,6/1/2016,14:32,6/1/2016,2016,PEEC2205
1,FP2016,6,filter,3,7627.17,15:37,6/1/2016,14:32,6/1/2016,2016,PEEC2206
1,FP2016,6,filter,k,2593.91,15:38,6/1/2016,14:32,6/1/2016,2016,PEEC2207
1,FP2016,7,filter,1,42349.31,15:38,6/1/2016,14:32,6/1/2016,2016,PEEC2208
1,FP2016,7,filter,2,43785.11,15:38,6/1/2016,14:32,6/1/2016,2016,PEEC2209
1,FP2016,7,filter,3,42145.89,15:39,6/1/2016,14:32,6/1/2016,2016,PEEC2210
1,FP2016,7,filter,k,37520.49,15:29,6/1/2016,14:32,6/1/2016,2016,PEEC2211
1,FP2016,1,filter,1,139704.21,15:44,6/1/2016,14:32,6/1/2016,2016,PEEC2212
1,FP2016,1,filter,2,143062.53,15:44,6/1/2016,14:32,6/1/2016,2016,PEEC2213
1,FP2016,1,filter,3,143592.48,15:44,6/1/2016,14:32,6/1/2016,2016,PEEC2214
1,FP2016,1,filter,k,98840.63,15:45,6/1/2016,14:32,6/1/2016,2016,PEEC2215
1,FP2016,2,filter,1,198429.65,15:45,6/1/2016,14:32,6/1/2016,2016,PEEC2216
1,FP2016,2,filter,2,181044.45,15:45,6/1/2016,14:32,6/1/2016,2016,PEEC2217
1,FP2016,2,filter,3,219971.98,15:45,6/1/2016,14:32,6/1/2016,2016,PEEC2218
1,FP2016,2,filter,k,216031,15:46,6/1/2016,14:32,6/1/2016,2016,PEEC2219
1,FP2016,3,filter,1,169060.03,15:46,6/1/2016,14:32,6/1/2016,2016,PEEC2220
1,FP2016,3,filter,2,229055.1,15:46,6/1/2016,14:32,6/1/2016,2016,PEEC2221
1,FP2016,3,filter,3,226404.71,15:47,6/1/2016,14:32,6/1/2016,2016,PEEC2222
1,FP2016,3,filter,k,131894,15:47,6/1/2016,14:32,6/1/2016,2016,PEEC2223
1,FP2016,4,filter,1,167905.04,15:47,6/1/2016,14:32,6/1/2016,2016,PEEC2224
1,FP2016,4,filter,2,161035.5,15:48,6/1/2016,14:32,6/1/2016,2016,PEEC2225
1,FP2016,4,filter,3,190100.7,15:48,6/1/2016,14:32,6/1/2016,2016,PEEC2226
1,FP2016,4,filter,k,167787.56,15:48,6/1/2016,14:32,6/1/2016,2016,PEEC2227
1,FP2016,5,filter,1,329713.75,15:49,6/1/2016,14:32,6/1/2016,2016,PEEC2228
1,FP2016,5,filter,2,359646.93,15:49,6/1/2016,14:32,6/1/2016,2016,PEEC2229
1,FP2016,5,filter,3,340360.06,15:49,6/1/2016,14:32,6/1/2016,2016,PEEC2230
1,FP2016,5,filter,k,181519.73,15:50,6/1/2016,14:32,6/1/2016,2016,PEEC2231
1,FP2016,6,filter,1,9269.39,15:50,6/1/2016,14:32,6/1/2016,2016,PEEC2232
1,FP2016,6,filter,2,8589.22,15:50,6/1/2016,14:32,6/1/2016,2016,PEEC2233
1,FP2016,6,filter,3,8889.67,15:51,6/1/2016,14:32,6/1/2016,2016,PEEC2234
1,FP2016,6,filter,k,2585.48,15:51,6/1/2016,14:32,6/1/2016,2016,PEEC2235
1,FP2016,7,filter,1,43078.53,15:51,6/1/2016,14:32,6/1/2016,2016,PEEC2236
1,FP2016,7,filter,2,42899.29,15:52,6/1/2016,14:32,6/1/2016,2016,PEEC2237
1,FP2016,7,filter,3,48043.24,15:52,6/1/2016,14:32,6/1/2016,2016,PEEC2238
1,FP2016,7,filter,k,31976.71,15:53,6/1/2016,14:32,6/1/2016,2016,PEEC2239
1,FP2016,1,filter,1,146074.75,16:00,6/1/2016,14:32,6/1/2016,2016,PEEC2240
1,FP2016,1,filter,2,152128.87,16:00,6/1/2016,14:32,6/1/2016,2016,PEEC2241
1,FP2016,1,filter,3,150913.03,16:01,6/1/2016,14:32,6/1/2016,2016,PEEC2242
1,FP2016,1,filter,k,100046.91,16:01,6/1/2016,14:32,6/1/2016,2016,PEEC2243
1,FP2016,2,filter,1,201645.51,16:02,6/1/2016,14:32,6/1/2016,2016,PEEC2244
1,FP2016,2,filter,2,185755.59,16:02,6/1/2016,14:32,6/1/2016,2016,PEEC2245
1,FP2016,2,filter,3,224260.76,16:02,6/1/2016,14:32,6/1/2016,2016,PEEC2246
1,FP2016,2,filter,k,233727.18,16:02,6/1/2016,14:32,6/1/2016,2016,PEEC2247
1,FP2016,3,filter,1,177735.25,16:03,6/1/2016,14:32,6/1/2016,2016,PEEC2248
1,FP2016,3,filter,2,249796.4,16:03,6/1/2016,14:32,6/1/2016,2016,PEEC2249
1,FP2016,3,filter,3,246364.32,16:04,6/1/2016,14:32,6/1/2016,2016,PEEC2250
1,FP2016,3,filter,k,133477.17,16:04,6/1/2016,14:32,6/1/2016,2016,PEEC2251
1,FP2016,4,filter,1,171022.42,16:04,6/1/2016,14:32,6/1/2016,2016,PEEC2252
1,FP2016,4,filter,2,163208.53,16:05,6/1/2016,14:32,6/1/2016,2016,PEEC2253
1,FP2016,4,filter,3,182415.53,16:05,6/1/2016,14:32,6/1/2016,2016,PEEC2254
1,FP2016,4,filter,k,169060.84,16:06,6/1/2016,14:32,6/1/2016,2016,PEEC2255
1,FP2016,5,filter,1,367094.43,16:06,6/1/2016,14:32,6/1/2016,2016,PEEC2256
1,FP2016,5,filter,2,348419.46,16:06,6/1/2016,14:32,6/1/2016,2016,PEEC2257
1,FP2016,5,filter,3,378617.81,16:07,6/1/2016,14:32,6/1/2016,2016,PEEC2258
1,FP2016,5,filter,k,184642.04,16:07,6/1/2016,14:32,6/1/2016,2016,PEEC2259
1,FP2016,6,filter,1,10790.26,16:08,6/1/2016,14:32,6/1/2016,2016,PEEC2260
1,FP2016,6,filter,2,10103.45,16:08,6/1/2016,14:32,6/1/2016,2016,PEEC2261
1,FP2016,6,filter,3,10378.99,16:08,6/1/2016,14:32,6/1/2016,2016,PEEC2262
1,FP2016,6,filter,k,2592.37,16:09,6/1/2016,14:32,6/1/2016,2016,PEEC2263
1,FP2016,7,filter,1,44585.89,16:09,6/1/2016,14:32,6/1/2016,2016,PEEC2264
1,FP2016,7,filter,2,44420.88,16:09,6/1/2016,14:32,6/1/2016,2016,PEEC2265
1,FP2016,7,filter,3,43544.17,16:10,6/1/2016,14:32,6/1/2016,2016,PEEC2266
1,FP2016,7,filter,k,32166.55,16:10,6/1/2016,14:32,6/1/2016,2016,PEEC2267
1,BS2016,1,filter,1,121394.5,18:20,6/1/2016,18:20,6/1/2016,2016,PEEC2268
1,BS2016,1,filter,2,122099.24,18:20,6/1/2016,18:20,6/1/2016,2016,PEEC2269
1,BS2016,1,filter,3,122678.28,18:20,6/1/2016,18:20,6/1/2016,2016,PEEC2270
1,BS2016,1,filter,k,87911.11,18:21,6/1/2016,18:20,6/1/2016,2016,PEEC2271
1,BS2016,2,filter,1,164852.2,18:21,6/1/2016,18:20,6/1/2016,2016,PEEC2272
1,BS2016,2,filter,2,168010.73,18:21,6/1/2016,18:20,6/1/2016,2016,PEEC2273
1,BS2016,2,filter,3,163579.92,18:22,6/1/2016,18:20,6/1/2016,2016,PEEC2274
1,BS2016,2,filter,k,140161.46,18:22,6/1/2016,18:20,6/1/2016,2016,PEEC2275
1,BS2016,3,filter,1,156009.57,18:22,6/1/2016,18:20,6/1/2016,2016,PEEC2276
1,BS2016,3,filter,2,149178.96,18:23,6/1/2016,18:20,6/1/2016,2016,PEEC2277
1,BS2016,3,filter,3,150394.17,18:23,6/1/2016,18:20,6/1/2016,2016,PEEC2278
1,BS2016,3,filter,k,108976.21,18:23,6/1/2016,18:20,6/1/2016,2016,PEEC2279
1,BS2016,4,filter,1,144407.64,18:24,6/1/2016,18:20,6/1/2016,2016,PEEC2280
1,BS2016,4,filter,2,142742.65,18:24,6/1/2016,18:20,6/1/2016,2016,PEEC2281
1,BS2016,4,filter,3,142587.95,18:24,6/1/2016,18:20,6/1/2016,2016,PEEC2282
1,BS2016,4,filter,k,142456.87,18:25,6/1/2016,18:20,6/1/2016,2016,PEEC2283
1,BS2016,5,filter,1,175629.31,18:25,6/1/2016,18:20,6/1/2016,2016,PEEC2284
1,BS2016,5,filter,2,175823.59,18:26,6/1/2016,18:20,6/1/2016,2016,PEEC2285
1,BS2016,5,filter,3,175514.64,18:26,6/1/2016,18:20,6/1/2016,2016,PEEC2286
1,BS2016,5,filter,k,135445.37,18:26,6/1/2016,18:20,6/1/2016,2016,PEEC2287
1,BS2016,6,filter,1,17386.06,18:27,6/1/2016,18:20,6/1/2016,2016,PEEC2288
1,BS2016,6,filter,2,17566.39,18:27,6/1/2016,18:20,6/1/2016,2016,PEEC2289
1,BS2016,6,filter,3,17454.55,18:28,6/1/2016,18:20,6/1/2016,2016,PEEC2290
1,BS2016,6,filter,k,8981.6,18:28,6/1/2016,18:20,6/1/2016,2016,PEEC2291
1,BS2016,7,filter,1,44956.26,18:29,6/1/2016,18:20,6/1/2016,2016,PEEC2292
1,BS2016,7,filter,2,46091.13,18:29,6/1/2016,18:20,6/1/2016,2016,PEEC2293
1,BS2016,7,filter,3,45485.09,18:29,6/1/2016,18:20,6/1/2016,2016,PEEC2294
1,BS2016,7,filter,k,40478.52,18:30,6/1/2016,18:20,6/1/2016,2016,PEEC2295
1,BS2016,1,filter,1,155180.15,18:38,6/1/2016,18:20,6/1/2016,2016,PEEC2296
1,BS2016,1,filter,2,155941.81,18:38,6/1/2016,18:20,6/1/2016,2016,PEEC2297
1,BS2016,1,filter,3,157777.12,18:38,6/1/2016,18:20,6/1/2016,2016,PEEC2298
1,BS2016,1,filter,k,87915.49,18:39,6/1/2016,18:20,6/1/2016,2016,PEEC2299
1,BS2016,2,filter,1,178978.85,18:39,6/1/2016,18:20,6/1/2016,2016,PEEC2300
1,BS2016,2,filter,2,183257.1,18:39,6/1/2016,18:20,6/1/2016,2016,PEEC2301
1,BS2016,2,filter,3,179516.64,18:40,6/1/2016,18:20,6/1/2016,2016,PEEC2302
1,BS2016,2,filter,k,143059.04,18:40,6/1/2016,18:20,6/1/2016,2016,PEEC2303
1,BS2016,3,filter,1,190795.53,18:40,6/1/2016,18:20,6/1/2016,2016,PEEC2304
1,BS2016,3,filter,2,184386.73,18:41,6/1/2016,18:20,6/1/2016,2016,PEEC2305
1,BS2016,3,filter,3,185873,18:41,6/1/2016,18:20,6/1/2016,2016,PEEC2306
1,BS2016,3,filter,k,110507.92,18:41,6/1/2016,18:20,6/1/2016,2016,PEEC2307
1,BS2016,4,filter,1,45429.84,18:42,6/1/2016,18:20,6/1/2016,2016,PEEC2308
1,BS2016,4,filter,2,144155.54,18:42,6/1/2016,18:20,6/1/2016,2016,PEEC2309
1,BS2016,4,filter,3,144041.04,18:42,6/1/2016,18:20,6/1/2016,2016,PEEC2310
1,BS2016,4,filter,k,144041.76,18:43,6/1/2016,18:20,6/1/2016,2016,PEEC2311
1,BS2016,5,filter,1,209129.42,18:43,6/1/2016,18:20,6/1/2016,2016,PEEC2312
1,BS2016,5,filter,2,209263.14,18:43,6/1/2016,18:20,6/1/2016,2016,PEEC2313
1,BS2016,5,filter,3,209749.65,18:44,6/1/2016,18:20,6/1/2016,2016,PEEC2314
1,BS2016,5,filter,k,139494.26,18:44,6/1/2016,18:20,6/1/2016,2016,PEEC2315
1,BS2016,6,filter,1,23333.43,18:45,6/1/2016,18:20,6/1/2016,2016,PEEC2316
1,BS2016,6,filter,2,23742.95,18:45,6/1/2016,18:20,6/1/2016,2016,PEEC2317
1,BS2016,6,filter,3,23742.06,18:45,6/1/2016,18:20,6/1/2016,2016,PEEC2318
1,BS2016,6,filter,k,8954.9,18:46,6/1/2016,18:20,6/1/2016,2016,PEEC2319
1,BS2016,7,filter,1,48915.12,18:46,6/1/2016,18:20,6/1/2016,2016,PEEC2320
1,BS2016,7,filter,2,49001.03,18:46,6/1/2016,18:20,6/1/2016,2016,PEEC2321
1,BS2016,7,filter,3,40532.98,18:47,6/1/2016,18:20,6/1/2016,2016,PEEC2322
1,BS2016,7,filter,k,191744.18,18:47,6/1/2016,18:20,6/1/2016,2016,PEEC2323
1,BS2016,1,filter,1,191085.62,18:54,6/1/2016,18:20,6/1/2016,2016,PEEC2324
1,BS2016,1,filter,2,192258.98,18:54,6/1/2016,18:20,6/1/2016,2016,PEEC2325
1,BS2016,1,filter,3,88596.76,18:54,6/1/2016,18:20,6/1/2016,2016,PEEC2326
1,BS2016,1,filter,k,190511.17,18:55,6/1/2016,18:20,6/1/2016,2016,PEEC2327
1,BS2016,2,filter,1,190511.17,18:55,6/1/2016,18:20,6/1/2016,2016,PEEC2328
1,BS2016,2,filter,2,193661.71,18:55,6/1/2016,18:20,6/1/2016,2016,PEEC2329
1,BS2016,2,filter,3,189147.59,18:56,6/1/2016,18:20,6/1/2016,2016,PEEC2330
1,BS2016,2,filter,k,144747.37,18:56,6/1/2016,18:20,6/1/2016,2016,PEEC2331
1,BS2016,3,filter,1,223366,18:56,6/1/2016,18:20,6/1/2016,2016,PEEC2332
1,BS2016,3,filter,2,215978.07,18:57,6/1/2016,18:20,6/1/2016,2016,PEEC2333
1,BS2016,3,filter,3,215201.54,18:57,6/1/2016,18:20,6/1/2016,2016,PEEC2334
1,BS2016,3,filter,k,111417.99,18:57,6/1/2016,18:20,6/1/2016,2016,PEEC2335
1,BS2016,4,filter,1,145724.71,18:58,6/1/2016,18:20,6/1/2016,2016,PEEC2336
1,BS2016,4,filter,2,143514.06,18:58,6/1/2016,18:20,6/1/2016,2016,PEEC2337
1,BS2016,4,filter,3,143382.14,18:58,6/1/2016,18:20,6/1/2016,2016,PEEC2338
1,BS2016,4,filter,k,143955.46,18:59,6/1/2016,18:20,6/1/2016,2016,PEEC2339
1,BS2016,5,filter,1,240673.12,18:59,6/1/2016,18:20,6/1/2016,2016,PEEC2340
1,BS2016,5,filter,2,241166.57,18:59,6/1/2016,18:20,6/1/2016,2016,PEEC2341
1,BS2016,5,filter,3,238151.73,18:59,6/1/2016,18:20,6/1/2016,2016,PEEC2342
1,BS2016,5,filter,k,143643.15,19:00,6/1/2016,18:20,6/1/2016,2016,PEEC2343
1,BS2016,6,filter,1,29048.82,19:00,6/1/2016,18:20,6/1/2016,2016,PEEC2344
1,BS2016,6,filter,2,29179.31,19:00,6/1/2016,18:20,6/1/2016,2016,PEEC2345
1,BS2016,6,filter,3,29265.01,19:01,6/1/2016,18:20,6/1/2016,2016,PEEC2346
1,BS2016,6,filter,k,9032.69,19:01,6/1/2016,18:20,6/1/2016,2016,PEEC2347
1,BS2016,7,filter,1,51397.64,19:01,6/1/2016,18:20,6/1/2016,2016,PEEC2348
1,BS2016,7,filter,2,52421.88,19:02,6/1/2016,18:20,6/1/2016,2016,PEEC2349
1,BS2016,7,filter,3,52326.12,19:02,6/1/2016,18:20,6/1/2016,2016,PEEC2350
1,BS2016,7,filter,k,20669.7,19:05,6/1/2016,18:20,6/1/2016,2016,PEEC2351
1,BS2016,1,filter,1,225735.9,19:05,6/1/2016,18:20,6/1/2016,2016,PEEC2352
1,BS2016,1,filter,2,228517.5,19:05,6/1/2016,18:20,6/1/2016,2016,PEEC2353
1,BS2016,1,filter,3,228373.26,19:06,6/1/2016,18:20,6/1/2016,2016,PEEC2354
1,BS2016,1,filter,k,88860.26,19:06,6/1/2016,18:20,6/1/2016,2016,PEEC2355
1,BS2016,2,filter,1,199078.81,19:07,6/1/2016,18:20,6/1/2016,2016,PEEC2356
1,BS2016,2,filter,2,2023137.23,19:07,6/1/2016,18:20,6/1/2016,2016,PEEC2357
1,BS2016,2,filter,3,197843.65,19:07,6/1/2016,18:20,6/1/2016,2016,PEEC2358
1,BS2016,2,filter,k,144063.68,19:08,6/1/2016,18:20,6/1/2016,2016,PEEC2359
1,BS2016,3,filter,1,254051.06,19:08,6/1/2016,18:20,6/1/2016,2016,PEEC2360
1,BS2016,3,filter,2,247147.64,19:09,6/1/2016,18:20,6/1/2016,2016,PEEC2361
1,BS2016,3,filter,3,245961.57,19:09,6/1/2016,18:20,6/1/2016,2016,PEEC2362
1,BS2016,3,filter,k,112034.68,19:10,6/1/2016,18:20,6/1/2016,2016,PEEC2363
1,BS2016,4,filter,1,146045.78,19:10,6/1/2016,18:20,6/1/2016,2016,PEEC2364
1,BS2016,4,filter,2,144259.26,19:10,6/1/2016,18:20,6/1/2016,2016,PEEC2365
1,BS2016,4,filter,3,144754.64,19:11,6/1/2016,18:20,6/1/2016,2016,PEEC2366
1,BS2016,4,filter,k,144155.54,19:11,6/1/2016,18:20,6/1/2016,2016,PEEC2367
1,BS2016,5,filter,1,272808.31,19:12,6/1/2016,18:20,6/1/2016,2016,PEEC2368
1,BS2016,5,filter,2,275026.5,19:12,6/1/2016,18:20,6/1/2016,2016,PEEC2369
1,BS2016,5,filter,3,268763.25,19:13,6/1/2016,18:20,6/1/2016,2016,PEEC2370
1,BS2016,5,filter,k,147663.23,19:13,6/1/2016,18:20,6/1/2016,2016,PEEC2371
1,BS2016,6,filter,1,34834.29,19:13,6/1/2016,18:20,6/1/2016,2016,PEEC2372
1,BS2016,6,filter,2,35261.24,19:14,6/1/2016,18:20,6/1/2016,2016,PEEC2373
1,BS2016,6,filter,3,35112.01,19:14,6/1/2016,18:20,6/1/2016,2016,PEEC2374
1,BS2016,6,filter,k,9100.07,19:14,6/1/2016,18:20,6/1/2016,2016,PEEC2375
1,BS2016,7,filter,1,54848.26,19:15,6/1/2016,18:20,6/1/2016,2016,PEEC2376
1,BS2016,7,filter,2,55149.68,19:15,6/1/2016,18:20,6/1/2016,2016,PEEC2377
1,BS2016,7,filter,3,55543.74,19:15,6/1/2016,18:20,6/1/2016,2016,PEEC2378
1,BS2016,7,filter,k,40668.39,19:30,6/1/2016,18:20,6/1/2016,2016,PEEC2379
1,BS2016,1,filter,1,260972.96,19:30,6/1/2016,18:20,6/1/2016,2016,PEEC2380
1,BS2016,1,filter,2,262428.03,19:30,6/1/2016,18:20,6/1/2016,2016,PEEC2381
1,BS2016,1,filter,3,263087.46,19:31,6/1/2016,18:20,6/1/2016,2016,PEEC2382
1,BS2016,1,filter,k,89300.1,19:31,6/1/2016,18:20,6/1/2016,2016,PEEC2383
1,BS2016,2,filter,1,207230.07,19:31,6/1/2016,18:20,6/1/2016,2016,PEEC2384
1,BS2016,2,filter,2,2099757.68,19:32,6/1/2016,18:20,6/1/2016,2016,PEEC2385
1,BS2016,2,filter,3,204316.89,19:32,6/1/2016,18:20,6/1/2016,2016,PEEC2386
1,BS2016,2,filter,k,144472.7,19:32,6/1/2016,18:20,6/1/2016,2016,PEEC2387
1,BS2016,3,filter,1,285379.71,19:33,6/1/2016,18:20,6/1/2016,2016,PEEC2388
1,BS2016,3,filter,2,278732.21,19:33,6/1/2016,18:20,6/1/2016,2016,PEEC2389
1,BS2016,3,filter,3,278215.68,19:33,6/1/2016,18:20,6/1/2016,2016,PEEC2390
1,BS2016,3,filter,k,105884.85,19:34,6/1/2016,18:20,6/1/2016,2016,PEEC2391
1,BS2016,4,filter,1,147942.76,19:34,6/1/2016,18:20,6/1/2016,2016,PEEC2392
1,BS2016,4,filter,2,145111.64,19:34,6/1/2016,18:20,6/1/2016,2016,PEEC2393
1,BS2016,4,filter,3,144987.73,19:35,6/1/2016,18:20,6/1/2016,2016,PEEC2394
1,BS2016,4,filter,k,144858.79,19:35,6/1/2016,18:20,6/1/2016,2016,PEEC2395
1,BS2016,5,filter,1,306821.37,19:35,6/1/2016,18:20,6/1/2016,2016,PEEC2396
1,BS2016,5,filter,2,309542.81,19:35,6/1/2016,18:20,6/1/2016,2016,PEEC2397
1,BS2016,5,filter,3,300525.03,19:35,6/1/2016,18:20,6/1/2016,2016,PEEC2398
1,BS2016,5,filter,k,150491.98,19:36,6/1/2016,18:20,6/1/2016,2016,PEEC2399
1,BS2016,6,filter,1,40138.73,19:36,6/1/2016,18:20,6/1/2016,2016,PEEC2400
1,BS2016,6,filter,2,40537.36,19:37,6/1/2016,18:20,6/1/2016,2016,PEEC2401
1,BS2016,6,filter,3,40783.85,19:37,6/1/2016,18:20,6/1/2016,2016,PEEC2402
1,BS2016,6,filter,k,9123.92,19:38,6/1/2016,18:20,6/1/2016,2016,PEEC2403
1,BS2016,7,filter,1,57930.41,19:38,6/1/2016,18:20,6/1/2016,2016,PEEC2404
1,BS2016,7,filter,2,58373.12,19:39,6/1/2016,18:20,6/1/2016,2016,PEEC2405
1,BS2016,7,filter,3,58918.62,19:39,6/1/2016,18:20,6/1/2016,2016,PEEC2406
1,BS2016,7,filter,k,40753.57,19:40,6/1/2016,18:20,6/1/2016,2016,PEEC2407
2,BS2016,1,whole,1,185155.92,18:22,6/1/2016,18:20,6/1/2016,2016,PEEC2408
2,BS2016,1,whole,2,194428.35,18:22,6/1/2016,18:20,6/1/2016,2016,PEEC2409
2,BS2016,1,whole,3,188608.51,18:23,6/1/2016,18:20,6/1/2016,2016,PEEC2410
2,BS2016,1,whole,k,93017.8,18:23,6/1/2016,18:20,6/1/2016,2016,PEEC2411
2,BS2016,2,whole,1,288175.09,18:23,6/1/2016,18:20,6/1/2016,2016,PEEC2412
2,BS2016,2,whole,2,282556.46,18:24,6/1/2016,18:20,6/1/2016,2016,PEEC2413
2,BS2016,2,whole,3,321143.21,18:24,6/1/2016,18:20,6/1/2016,2016,PEEC2414
2,BS2016,2,whole,k,144446.57,18:24,6/1/2016,18:20,6/1/2016,2016,PEEC2415
2,BS2016,3,whole,1,708911.68,18:25,6/1/2016,18:20,6/1/2016,2016,PEEC2416
2,BS2016,3,whole,2,608895.5,18:25,6/1/2016,18:20,6/1/2016,2016,PEEC2417
2,BS2016,3,whole,3,620828.12,18:25,6/1/2016,18:20,6/1/2016,2016,PEEC2418
2,BS2016,3,whole,k,86034.82,18:26,6/1/2016,18:20,6/1/2016,2016,PEEC2419
2,BS2016,4,whole,1,155889.65,18:26,6/1/2016,18:20,6/1/2016,2016,PEEC2420
2,BS2016,4,whole,2,143921.6,18:26,6/1/2016,18:20,6/1/2016,2016,PEEC2421
2,BS2016,4,whole,3,153561.96,18:27,6/1/2016,18:20,6/1/2016,2016,PEEC2422
2,BS2016,4,whole,k,153964.71,18:27,6/1/2016,18:20,6/1/2016,2016,PEEC2423
2,BS2016,5,whole,1,288263.84,18:27,6/1/2016,18:20,6/1/2016,2016,PEEC2424
2,BS2016,5,whole,2,358815.96,18:28,6/1/2016,18:20,6/1/2016,2016,PEEC2425
2,BS2016,5,whole,3,267126.09,18:28,6/1/2016,18:20,6/1/2016,2016,PEEC2426
2,BS2016,5,whole,k,151017.39,18:28,6/1/2016,18:20,6/1/2016,2016,PEEC2427
2,BS2016,6,whole,1,34467.19,18:29,6/1/2016,18:20,6/1/2016,2016,PEEC2428
2,BS2016,6,whole,2,51602.05,18:29,6/1/2016,18:20,6/1/2016,2016,PEEC2429
2,BS2016,6,whole,3,34604.56,18:30,6/1/2016,18:20,6/1/2016,2016,PEEC2430
2,BS2016,6,whole,k,10205.82,18:30,6/1/2016,18:20,6/1/2016,2016,PEEC2431
2,BS2016,7,whole,1,81550.45,18:30,6/1/2016,18:20,6/1/2016,2016,PEEC2432
2,BS2016,7,whole,2,70276.57,18:30,6/1/2016,18:20,6/1/2016,2016,PEEC2433
2,BS2016,7,whole,3,65356.45,18:31,6/1/2016,18:20,6/1/2016,2016,PEEC2434
2,BS2016,7,whole,k,47001.22,18:31,6/1/2016,18:20,6/1/2016,2016,PEEC2435
2,BS2016,1,whole,1,41498.62,18:38,6/1/2016,18:20,6/1/2016,2016,PEEC2436
2,BS2016,1,whole,2,365567.96,18:38,6/1/2016,18:20,6/1/2016,2016,PEEC2437
2,BS2016,1,whole,3,380745,18:38,6/1/2016,18:20,6/1/2016,2016,PEEC2438
2,BS2016,1,whole,k,101132.49,18:39,6/1/2016,18:20,6/1/2016,2016,PEEC2439
2,BS2016,2,whole,1,444399.59,18:39,6/1/2016,18:20,6/1/2016,2016,PEEC2440
2,BS2016,2,whole,2,431369.62,18:39,6/1/2016,18:20,6/1/2016,2016,PEEC2441
2,BS2016,2,whole,3,478944.46,18:40,6/1/2016,18:20,6/1/2016,2016,PEEC2442
2,BS2016,2,whole,k,154636.4,18:40,6/1/2016,18:20,6/1/2016,2016,PEEC2443
2,BS2016,3,whole,1,1196132.75,18:40,6/1/2016,18:20,6/1/2016,2016,PEEC2444
2,BS2016,3,whole,2,967288.31,18:41,6/1/2016,18:20,6/1/2016,2016,PEEC2445
2,BS2016,3,whole,3,968809.5,18:41,6/1/2016,18:20,6/1/2016,2016,PEEC2446
2,BS2016,3,whole,k,109491.32,18:41,6/1/2016,18:20,6/1/2016,2016,PEEC2447
2,BS2016,4,whole,1,168565.06,18:42,6/1/2016,18:20,6/1/2016,2016,PEEC2448
2,BS2016,4,whole,2,152552.37,18:42,6/1/2016,18:20,6/1/2016,2016,PEEC2449
2,BS2016,4,whole,3,165094.98,18:42,6/1/2016,18:20,6/1/2016,2016,PEEC2450
2,BS2016,4,whole,k,58948.95,18:43,6/1/2016,18:20,6/1/2016,2016,PEEC2451
2,BS2016,5,whole,1,500773.87,18:43,6/1/2016,18:20,6/1/2016,2016,PEEC2452
2,BS2016,5,whole,2,765233.81,18:43,6/1/2016,18:20,6/1/2016,2016,PEEC2453
2,BS2016,5,whole,3,399143.96,18:44,6/1/2016,18:20,6/1/2016,2016,PEEC2454
2,BS2016,5,whole,k,158953.95,18:44,6/1/2016,18:20,6/1/2016,2016,PEEC2455
2,BS2016,6,whole,1,67959.94,18:45,6/1/2016,18:20,6/1/2016,2016,PEEC2456
2,BS2016,6,whole,2,97981.93,18:45,6/1/2016,18:20,6/1/2016,2016,PEEC2457
2,BS2016,6,whole,3,62149.03,18:45,6/1/2016,18:20,6/1/2016,2016,PEEC2458
2,BS2016,6,whole,k,10390.06,18:46,6/1/2016,18:20,6/1/2016,2016,PEEC2459
2,BS2016,7,whole,1,109278.73,18:46,6/1/2016,18:20,6/1/2016,2016,PEEC2460
2,BS2016,7,whole,2,93972.56,18:46,6/1/2016,18:20,6/1/2016,2016,PEEC2461
2,BS2016,7,whole,3,92312.71,18:47,6/1/2016,18:20,6/1/2016,2016,PEEC2462
2,BS2016,7,whole,k,45615.78,18:47,6/1/2016,18:20,6/1/2016,2016,PEEC2463
2,BS2016,1,whole,1,479198.82,18:54,6/1/2016,18:20,6/1/2016,2016,PEEC2464
2,BS2016,1,whole,2,509385.62,18:54,6/1/2016,18:20,6/1/2016,2016,PEEC2465
2,BS2016,1,whole,3,504433.96,18:54,6/1/2016,18:20,6/1/2016,2016,PEEC2466
2,BS2016,1,whole,k,100017.91,18:55,6/1/2016,18:20,6/1/2016,2016,PEEC2467
2,BS2016,2,whole,1,617477.56,18:55,6/1/2016,18:20,6/1/2016,2016,PEEC2468
2,BS2016,2,whole,2,644692.75,18:55,6/1/2016,18:20,6/1/2016,2016,PEEC2469
2,BS2016,2,whole,3,726706.5,18:56,6/1/2016,18:20,6/1/2016,2016,PEEC2470
2,BS2016,2,whole,k,157485.45,18:56,6/1/2016,18:20,6/1/2016,2016,PEEC2471
2,BS2016,3,whole,1,2346411,18:56,6/1/2016,18:20,6/1/2016,2016,PEEC2472
2,BS2016,3,whole,2,1918412.12,18:57,6/1/2016,18:20,6/1/2016,2016,PEEC2473
2,BS2016,3,whole,3,1887199.25,18:57,6/1/2016,18:20,6/1/2016,2016,PEEC2474
2,BS2016,3,whole,k,92384.44,18:57,6/1/2016,18:20,6/1/2016,2016,PEEC2475
2,BS2016,4,whole,1,138370.85,18:58,6/1/2016,18:20,6/1/2016,2016,PEEC2476
2,BS2016,4,whole,2,148400.84,18:58,6/1/2016,18:20,6/1/2016,2016,PEEC2477
2,BS2016,4,whole,3,159645.28,18:58,6/1/2016,18:20,6/1/2016,2016,PEEC2478
2,BS2016,4,whole,k,155355.21,18:59,6/1/2016,18:20,6/1/2016,2016,PEEC2479
2,BS2016,5,whole,1,604290.68,18:59,6/1/2016,18:20,6/1/2016,2016,PEEC2480
2,BS2016,5,whole,2,1035331.93,18:59,6/1/2016,18:20,6/1/2016,2016,PEEC2481
2,BS2016,5,whole,3,536133,18:59,6/1/2016,18:20,6/1/2016,2016,PEEC2482
2,BS2016,5,whole,k,157798.5,19:00,6/1/2016,18:20,6/1/2016,2016,PEEC2483
2,BS2016,6,whole,1,99126.68,19:00,6/1/2016,18:20,6/1/2016,2016,PEEC2484
2,BS2016,6,whole,2,140623.84,19:00,6/1/2016,18:20,6/1/2016,2016,PEEC2485
2,BS2016,6,whole,3,93334.07,19:01,6/1/2016,18:20,6/1/2016,2016,PEEC2486
2,BS2016,6,whole,k,10272.65,19:01,6/1/2016,18:20,6/1/2016,2016,PEEC2487
2,BS2016,7,whole,1,138998.43,19:01,6/1/2016,18:20,6/1/2016,2016,PEEC2488
2,BS2016,7,whole,2,119576.02,19:02,6/1/2016,18:20,6/1/2016,2016,PEEC2489
2,BS2016,7,whole,3,106937.94,19:02,6/1/2016,18:20,6/1/2016,2016,PEEC2490
2,BS2016,7,whole,k,471456.77,19:05,6/1/2016,18:20,6/1/2016,2016,PEEC2491
2,BS2016,1,whole,1,672960.31,19:05,6/1/2016,18:20,6/1/2016,2016,PEEC2492
2,BS2016,1,whole,2,723868.18,19:05,6/1/2016,18:20,6/1/2016,2016,PEEC2493
2,BS2016,1,whole,3,744382.93,19:06,6/1/2016,18:20,6/1/2016,2016,PEEC2494
2,BS2016,1,whole,k,101562.57,19:06,6/1/2016,18:20,6/1/2016,2016,PEEC2495
2,BS2016,2,whole,1,840119.12,19:07,6/1/2016,18:20,6/1/2016,2016,PEEC2496
2,BS2016,2,whole,2,842273.62,19:07,6/1/2016,18:20,6/1/2016,2016,PEEC2497
2,BS2016,2,whole,3,939450.12,19:07,6/1/2016,18:20,6/1/2016,2016,PEEC2498
2,BS2016,2,whole,k,158859.64,19:08,6/1/2016,18:20,6/1/2016,2016,PEEC2499
2,BS2016,3,whole,1,3464334.25,19:08,6/1/2016,18:20,6/1/2016,2016,PEEC2500
2,BS2016,3,whole,2,2864150.25,19:09,6/1/2016,18:20,6/1/2016,2016,PEEC2501
2,BS2016,3,whole,3,3143721.75,19:09,6/1/2016,18:20,6/1/2016,2016,PEEC2502
2,BS2016,3,whole,k,99608.99,19:10,6/1/2016,18:20,6/1/2016,2016,PEEC2503
2,BS2016,4,whole,1,166874.4,19:10,6/1/2016,18:20,6/1/2016,2016,PEEC2504
2,BS2016,4,whole,2,152000.57,19:10,6/1/2016,18:20,6/1/2016,2016,PEEC2505
2,BS2016,4,whole,3,162514.26,19:11,6/1/2016,18:20,6/1/2016,2016,PEEC2506
2,BS2016,4,whole,k,159991.93,19:11,6/1/2016,18:20,6/1/2016,2016,PEEC2507
2,BS2016,5,whole,1,781113.5,19:12,6/1/2016,18:20,6/1/2016,2016,PEEC2508
2,BS2016,5,whole,2,1404744.12,19:12,6/1/2016,18:20,6/1/2016,2016,PEEC2509
2,BS2016,5,whole,3,688963.68,19:13,6/1/2016,18:20,6/1/2016,2016,PEEC2510
2,BS2016,5,whole,k,166069.4,19:13,6/1/2016,18:20,6/1/2016,2016,PEEC2511
2,BS2016,6,whole,1,140692.31,19:13,6/1/2016,18:20,6/1/2016,2016,PEEC2512
2,BS2016,6,whole,2,197385.09,19:14,6/1/2016,18:20,6/1/2016,2016,PEEC2513
2,BS2016,6,whole,3,13128.65,19:14,6/1/2016,18:20,6/1/2016,2016,PEEC2514
2,BS2016,6,whole,k,10415.72,19:14,6/1/2016,18:20,6/1/2016,2016,PEEC2515
2,BS2016,7,whole,1,174494.81,19:15,6/1/2016,18:20,6/1/2016,2016,PEEC2516
2,BS2016,7,whole,2,148367.78,19:15,6/1/2016,18:20,6/1/2016,2016,PEEC2517
2,BS2016,7,whole,3,132856.48,19:15,6/1/2016,18:20,6/1/2016,2016,PEEC2518
2,BS2016,7,whole,k,47902.17,19:30,6/1/2016,18:20,6/1/2016,2016,PEEC2519
2,BB1_2016,1,whole,1,181267.56,10:04,6/2/2016,10:04,6/2/2016,2016,PEEC2520
2,BB1_2016,1,whole,2,197508.95,10:05,6/2/2016,10:04,6/2/2016,2016,PEEC2521
2,BB1_2016,1,whole,3,168412.65,10:05,6/2/2016,10:04,6/2/2016,2016,PEEC2522
2,BB1_2016,1,whole,k,140141.28,10:05,6/2/2016,10:04,6/2/2016,2016,PEEC2523
2,BB1_2016,2,whole,1,245822.82,10:06,6/2/2016,10:04,6/2/2016,2016,PEEC2524
2,BB1_2016,2,whole,2,188832.89,10:06,6/2/2016,10:04,6/2/2016,2016,PEEC2525
2,BB1_2016,2,whole,3,203248.82,10:06,6/2/2016,10:04,6/2/2016,2016,PEEC2526
2,BB1_2016,2,whole,k,170530.21,10:07,6/2/2016,10:04,6/2/2016,2016,PEEC2527
2,BB1_2016,3,whole,1,241293.57,10:07,6/2/2016,10:04,6/2/2016,2016,PEEC2528
2,BB1_2016,3,whole,2,218756.25,10:08,6/2/2016,10:04,6/2/2016,2016,PEEC2529
2,BB1_2016,3,whole,3,227972.23,10:08,6/2/2016,10:04,6/2/2016,2016,PEEC2530
2,BB1_2016,3,whole,k,146826.6,10:08,6/2/2016,10:04,6/2/2016,2016,PEEC2531
2,BB1_2016,4,whole,1,309186.18,10:09,6/2/2016,10:04,6/2/2016,2016,PEEC2532
2,BB1_2016,4,whole,2,227108.03,10:09,6/2/2016,10:04,6/2/2016,2016,PEEC2533
2,BB1_2016,4,whole,3,253375.85,10:09,6/2/2016,10:04,6/2/2016,2016,PEEC2534
2,BB1_2016,4,whole,k,285160.65,10:09,6/2/2016,10:04,6/2/2016,2016,PEEC2535
2,BB1_2016,5,whole,1,482482.93,10:10,6/2/2016,10:04,6/2/2016,2016,PEEC2536
2,BB1_2016,5,whole,2,221415.12,10:10,6/2/2016,10:04,6/2/2016,2016,PEEC2537
2,BB1_2016,5,whole,3,541363.75,10:10,6/2/2016,10:04,6/2/2016,2016,PEEC2538
2,BB1_2016,5,whole,k,279714.06,10:10,6/2/2016,10:04,6/2/2016,2016,PEEC2539
2,BB1_2016,6,whole,1,20682.13,10:11,6/2/2016,10:04,6/2/2016,2016,PEEC2540
2,BB1_2016,6,whole,2,19675.59,10:11,6/2/2016,10:04,6/2/2016,2016,PEEC2541
2,BB1_2016,6,whole,3,21544.79,10:12,6/2/2016,10:04,6/2/2016,2016,PEEC2542
2,BB1_2016,6,whole,k,7980.51,10:12,6/2/2016,10:04,6/2/2016,2016,PEEC2543
2,BB1_2016,7,whole,1,50180.55,10:12,6/2/2016,10:04,6/2/2016,2016,PEEC2544
2,BB1_2016,7,whole,2,16089.79,10:12,6/2/2016,10:04,6/2/2016,2016,PEEC2545
2,BB1_2016,7,whole,3,5822.78,10:13,6/2/2016,10:04,6/2/2016,2016,PEEC2546
2,BB1_2016,7,whole,k,15354.47,10:13,6/2/2016,10:04,6/2/2016,2016,PEEC2547
2,BB2_2016,1,whole,1,590773.06,10:26,6/2/2016,10:04,6/2/2016,2016,PEEC2548
2,BB2_2016,1,whole,2,537480.31,10:26,6/2/2016,10:04,6/2/2016,2016,PEEC2549
2,BB2_2016,1,whole,3,608896.62,10:26,6/2/2016,10:04,6/2/2016,2016,PEEC2550
2,BB2_2016,1,whole,k,105988.23,10:27,6/2/2016,10:04,6/2/2016,2016,PEEC2551
2,BB2_2016,2,whole,1,168992.32,10:27,6/2/2016,10:04,6/2/2016,2016,PEEC2552
2,BB2_2016,2,whole,2,372795.81,10:27,6/2/2016,10:04,6/2/2016,2016,PEEC2553
2,BB2_2016,2,whole,3,360318.71,10:28,6/2/2016,10:04,6/2/2016,2016,PEEC2554
2,BB2_2016,2,whole,k,168992.3,10:28,6/2/2016,10:04,6/2/2016,2016,PEEC2555
2,BB2_2016,3,whole,1,757955.87,10:29,6/2/2016,10:04,6/2/2016,2016,PEEC2556
2,BB2_2016,3,whole,2,771523.56,10:30,6/2/2016,10:04,6/2/2016,2016,PEEC2557
2,BB2_2016,3,whole,3,888444.62,10:31,6/2/2016,10:04,6/2/2016,2016,PEEC2558
2,BB2_2016,3,whole,k,1367754.98,10:31,6/2/2016,10:04,6/2/2016,2016,PEEC2559
2,BB2_2016,4,whole,1,45408.82,10:31,6/2/2016,10:04,6/2/2016,2016,PEEC2560
2,BB2_2016,4,whole,2,291220.4,10:32,6/2/2016,10:04,6/2/2016,2016,PEEC2561
2,BB2_2016,4,whole,3,274950.87,10:32,6/2/2016,10:04,6/2/2016,2016,PEEC2562
2,BB2_2016,4,whole,k,157500.73,10:32,6/2/2016,10:04,6/2/2016,2016,PEEC2563
2,BB2_2016,5,whole,1,1616383.25,10:33,6/2/2016,10:04,6/2/2016,2016,PEEC2564
2,BB2_2016,5,whole,2,6776.79,10:33,6/2/2016,10:04,6/2/2016,2016,PEEC2565
2,BB2_2016,5,whole,3,1358633.87,10:33,6/2/2016,10:04,6/2/2016,2016,PEEC2566
2,BB2_2016,5,whole,k,244968.56,10:34,6/2/2016,10:04,6/2/2016,2016,PEEC2567
2,BB2_2016,6,whole,1,102198.21,10:34,6/2/2016,10:04,6/2/2016,2016,PEEC2568
2,BB2_2016,6,whole,2,123237.71,10:34,6/2/2016,10:04,6/2/2016,2016,PEEC2569
2,BB2_2016,6,whole,3,138494.67,10:35,6/2/2016,10:04,6/2/2016,2016,PEEC2570
2,BB2_2016,6,whole,k,8110.28,10:35,6/2/2016,10:04,6/2/2016,2016,PEEC2571
2,BB2_2016,7,whole,1,31424.8,10:35,6/2/2016,10:04,6/2/2016,2016,PEEC2572
2,BB2_2016,7,whole,2,52903.24,10:35,6/2/2016,10:04,6/2/2016,2016,PEEC2573
2,BB2_2016,7,whole,3,32898.65,10:36,6/2/2016,10:04,6/2/2016,2016,PEEC2574
2,BB2_2016,7,whole,k,32312.59,10:36,6/2/2016,10:04,6/2/2016,2016,PEEC2575
2,BB1_2016,1,whole,1,306927.59,10:45,6/2/2016,10:04,6/2/2016,2016,PEEC2576
2,BB1_2016,1,whole,2,319986.21,10:45,6/2/2016,10:04,6/2/2016,2016,PEEC2577
2,BB1_2016,1,whole,3,295560.09,10:45,6/2/2016,10:04,6/2/2016,2016,PEEC2578
2,BB1_2016,1,whole,k,137541.25,10:46,6/2/2016,10:04,6/2/2016,2016,PEEC2579
2,BB1_2016,2,whole,1,296110.56,10:46,6/2/2016,10:04,6/2/2016,2016,PEEC2580
2,BB1_2016,2,whole,2,225159.96,10:46,6/2/2016,10:04,6/2/2016,2016,PEEC2581
2,BB1_2016,2,whole,3,236771.04,10:47,6/2/2016,10:04,6/2/2016,2016,PEEC2582
2,BB1_2016,2,whole,k,182824.54,10:47,6/2/2016,10:04,6/2/2016,2016,PEEC2583
2,BB1_2016,3,whole,1,406980.56,10:47,6/2/2016,10:04,6/2/2016,2016,PEEC2584
2,BB1_2016,3,whole,2,380346.65,10:48,6/2/2016,10:04,6/2/2016,2016,PEEC2585
2,BB1_2016,3,whole,3,400665.34,10:48,6/2/2016,10:04,6/2/2016,2016,PEEC2586
2,BB1_2016,3,whole,k,129525.82,10:48,6/2/2016,10:04,6/2/2016,2016,PEEC2587
2,BB1_2016,4,whole,1,305321.78,10:49,6/2/2016,10:04,6/2/2016,2016,PEEC2588
2,BB1_2016,4,whole,2,233658.15,10:49,6/2/2016,10:04,6/2/2016,2016,PEEC2589
2,BB1_2016,4,whole,3,234048.18,10:49,6/2/2016,10:04,6/2/2016,2016,PEEC2590
2,BB1_2016,4,whole,k,291162.56,10:50,6/2/2016,10:04,6/2/2016,2016,PEEC2591
2,BB1_2016,5,whole,1,774952.62,10:50,6/2/2016,10:04,6/2/2016,2016,PEEC2592
2,BB1_2016,5,whole,2,377725.25,10:51,6/2/2016,10:04,6/2/2016,2016,PEEC2593
2,BB1_2016,5,whole,3,830950,10:51,6/2/2016,10:04,6/2/2016,2016,PEEC2594
2,BB1_2016,5,whole,k,275006.03,10:51,6/2/2016,10:04,6/2/2016,2016,PEEC2595
2,BB1_2016,6,whole,1,40202.12,10:52,6/2/2016,10:04,6/2/2016,2016,PEEC2596
2,BB1_2016,6,whole,2,36856.37,10:52,6/2/2016,10:04,6/2/2016,2016,PEEC2597
2,BB1_2016,6,whole,3,39423.43,10:53,6/2/2016,10:04,6/2/2016,2016,PEEC2598
2,BB1_2016,6,whole,k,7872.04,10:53,6/2/2016,10:04,6/2/2016,2016,PEEC2599
2,BB1_2016,7,whole,1,7872.04,10:54,6/2/2016,10:04,6/2/2016,2016,PEEC2600
2,BB1_2016,7,whole,2,64051.94,10:54,6/2/2016,10:04,6/2/2016,2016,PEEC2601
2,BB1_2016,7,whole,3,21851.77,10:54,6/2/2016,10:04,6/2/2016,2016,PEEC2602
2,BB1_2016,7,whole,k,26598.85,10:55,6/2/2016,10:04,6/2/2016,2016,PEEC2603
2,BB2_2016,1,whole,1,1066916.12,11:05,6/2/2016,10:04,6/2/2016,2016,PEEC2604
2,BB2_2016,1,whole,2,931220.12,11:05,6/2/2016,10:04,6/2/2016,2016,PEEC2605
2,BB2_2016,1,whole,3,1031116.12,11:05,6/2/2016,10:04,6/2/2016,2016,PEEC2606
2,BB2_2016,1,whole,k,107131.35,11:06,6/2/2016,10:04,6/2/2016,2016,PEEC2607
2,BB2_2016,2,whole,1,476496.4,11:06,6/2/2016,10:04,6/2/2016,2016,PEEC2608
2,BB2_2016,2,whole,2,448096.65,11:06,6/2/2016,10:04,6/2/2016,2016,PEEC2609
2,BB2_2016,2,whole,3,420359.12,11:07,6/2/2016,10:04,6/2/2016,2016,PEEC2610
2,BB2_2016,2,whole,k,171261.64,11:07,6/2/2016,10:04,6/2/2016,2016,PEEC2611
2,BB2_2016,3,whole,1,131683,11:08,6/2/2016,10:04,6/2/2016,2016,PEEC2612
2,BB2_2016,3,whole,2,1370378,11:08,6/2/2016,10:04,6/2/2016,2016,PEEC2613
2,BB2_2016,3,whole,3,1495726.62,11:08,6/2/2016,10:04,6/2/2016,2016,PEEC2614
2,BB2_2016,3,whole,k,132758.76,11:09,6/2/2016,10:04,6/2/2016,2016,PEEC2615
2,BB2_2016,4,whole,1,47224.23,11:09,6/2/2016,10:04,6/2/2016,2016,PEEC2616
2,BB2_2016,4,whole,2,221598.5,11:10,6/2/2016,10:04,6/2/2016,2016,PEEC2617
2,BB2_2016,4,whole,3,225540.95,11:10,6/2/2016,10:04,6/2/2016,2016,PEEC2618
2,BB2_2016,4,whole,k,160415.65,11:10,6/2/2016,10:04,6/2/2016,2016,PEEC2619
2,BB2_2016,5,whole,1,3160528,11:10,6/2/2016,10:04,6/2/2016,2016,PEEC2620
2,BB2_2016,5,whole,2,5887.58,11:10,6/2/2016,10:04,6/2/2016,2016,PEEC2621
2,BB2_2016,5,whole,3,4420048.5,11:11,6/2/2016,10:04,6/2/2016,2016,PEEC2622
2,BB2_2016,5,whole,k,244330.43,11:11,6/2/2016,10:04,6/2/2016,2016,PEEC2623
2,BB2_2016,6,whole,1,175517.43,11:11,6/2/2016,10:04,6/2/2016,2016,PEEC2624
2,BB2_2016,6,whole,2,210588.79,11:11,6/2/2016,10:04,6/2/2016,2016,PEEC2625
2,BB2_2016,6,whole,3,232781.71,11:12,6/2/2016,10:04,6/2/2016,2016,PEEC2626
2,BB2_2016,6,whole,k,8363.42,11:12,6/2/2016,10:04,6/2/2016,2016,PEEC2627
2,BB2_2016,7,whole,1,38096.19,11:12,6/2/2016,10:04,6/2/2016,2016,PEEC2628
2,BB2_2016,7,whole,2,64804.41,11:13,6/2/2016,10:04,6/2/2016,2016,PEEC2629
2,BB2_2016,7,whole,3,36830.43,11:13,6/2/2016,10:04,6/2/2016,2016,PEEC2630
2,BB2_2016,7,whole,k,31899.53,11:13,6/2/2016,10:04,6/2/2016,2016,PEEC2631
2,BB1_2016,1,whole,1,352301.46,11:20,6/2/2016,10:04,6/2/2016,2016,PEEC2632
2,BB1_2016,1,whole,2,385071.75,11:20,6/2/2016,10:04,6/2/2016,2016,PEEC2633
2,BB1_2016,1,whole,3,339245.09,11:21,6/2/2016,10:04,6/2/2016,2016,PEEC2634
2,BB1_2016,1,whole,k,105075.03,11:21,6/2/2016,10:04,6/2/2016,2016,PEEC2635
2,BB1_2016,2,whole,1,254661.81,11:21,6/2/2016,10:04,6/2/2016,2016,PEEC2636
2,BB1_2016,2,whole,2,201591.56,11:22,6/2/2016,10:04,6/2/2016,2016,PEEC2637
2,BB1_2016,2,whole,3,259193.96,11:22,6/2/2016,10:04,6/2/2016,2016,PEEC2638
2,BB1_2016,2,whole,k,144165.39,11:22,6/2/2016,10:04,6/2/2016,2016,PEEC2639
2,BB1_2016,3,whole,1,463217.75,11:22,6/2/2016,10:04,6/2/2016,2016,PEEC2640
2,BB1_2016,3,whole,2,518869,11:23,6/2/2016,10:04,6/2/2016,2016,PEEC2641
2,BB1_2016,3,whole,3,539444.56,11:23,6/2/2016,10:04,6/2/2016,2016,PEEC2642
2,BB1_2016,3,whole,k,133814.76,11:23,6/2/2016,10:04,6/2/2016,2016,PEEC2643
2,BB1_2016,4,whole,1,312742.18,11:23,6/2/2016,10:04,6/2/2016,2016,PEEC2644
2,BB1_2016,4,whole,2,240511.92,11:24,6/2/2016,10:04,6/2/2016,2016,PEEC2645
2,BB1_2016,4,whole,3,248262.4,11:24,6/2/2016,10:04,6/2/2016,2016,PEEC2646
2,BB1_2016,4,whole,k,80281.36,11:24,6/2/2016,10:04,6/2/2016,2016,PEEC2647
2,BB1_2016,5,whole,1,275250.87,11:25,6/2/2016,10:04,6/2/2016,2016,PEEC2648
2,BB1_2016,5,whole,2,535513.12,11:25,6/2/2016,10:04,6/2/2016,2016,PEEC2649
2,BB1_2016,5,whole,3,1082594.12,11:25,6/2/2016,10:04,6/2/2016,2016,PEEC2650
2,BB1_2016,5,whole,k,283993.87,11:26,6/2/2016,10:04,6/2/2016,2016,PEEC2651
2,BB1_2016,6,whole,1,55374.12,11:26,6/2/2016,10:04,6/2/2016,2016,PEEC2652
2,BB1_2016,6,whole,2,51395.45,11:26,6/2/2016,10:04,6/2/2016,2016,PEEC2653
2,BB1_2016,6,whole,3,53536.22,11:26,6/2/2016,10:04,6/2/2016,2016,PEEC2654
2,BB1_2016,6,whole,k,7725.72,11:27,6/2/2016,10:04,6/2/2016,2016,PEEC2655
2,BB1_2016,7,whole,1,76597.42,11:27,6/2/2016,10:04,6/2/2016,2016,PEEC2656
2,BB1_2016,7,whole,2,30308.89,11:27,6/2/2016,10:04,6/2/2016,2016,PEEC2657
2,BB1_2016,7,whole,3,88294.75,11:27,6/2/2016,10:04,6/2/2016,2016,PEEC2658
2,BB1_2016,7,whole,k,27374.85,11:27,6/2/2016,10:04,6/2/2016,2016,PEEC2659
2,BB2_2016,1,whole,1,1656042.12,11:40,6/2/2016,10:04,6/2/2016,2016,PEEC2660
2,BB2_2016,1,whole,2,1547121.87,11:41,6/2/2016,10:04,6/2/2016,2016,PEEC2661
2,BB2_2016,1,whole,3,1668064.87,11:41,6/2/2016,10:04,6/2/2016,2016,PEEC2662
2,BB2_2016,1,whole,k,98821.77,11:41,6/2/2016,10:04,6/2/2016,2016,PEEC2663
2,BB2_2016,2,whole,1,581753.87,11:42,6/2/2016,10:04,6/2/2016,2016,PEEC2664
2,BB2_2016,2,whole,2,636167.43,11:42,6/2/2016,10:04,6/2/2016,2016,PEEC2665
2,BB2_2016,2,whole,3,512048.53,11:42,6/2/2016,10:04,6/2/2016,2016,PEEC2666
2,BB2_2016,2,whole,k,172592.98,11:43,6/2/2016,10:04,6/2/2016,2016,PEEC2667
2,BB2_2016,3,whole,1,2260469.75,11:43,6/2/2016,10:04,6/2/2016,2016,PEEC2668
2,BB2_2016,3,whole,2,2357030.25,11:43,6/2/2016,10:04,6/2/2016,2016,PEEC2669
2,BB2_2016,3,whole,3,2503126,11:43,6/2/2016,10:04,6/2/2016,2016,PEEC2670
2,BB2_2016,3,whole,k,120691.32,11:44,6/2/2016,10:04,6/2/2016,2016,PEEC2671
2,BB2_2016,4,whole,1,50810.8,11:44,6/2/2016,10:04,6/2/2016,2016,PEEC2672
2,BB2_2016,4,whole,2,238812.67,11:44,6/2/2016,10:04,6/2/2016,2016,PEEC2673
2,BB2_2016,4,whole,3,225359.54,11:44,6/2/2016,10:04,6/2/2016,2016,PEEC2674
2,BB2_2016,4,whole,k,159636.31,11:45,6/2/2016,10:04,6/2/2016,2016,PEEC2675
2,BB2_2016,5,whole,1,6852570.5,11:45,6/2/2016,10:04,6/2/2016,2016,PEEC2676
2,BB2_2016,5,whole,2,6298.42,11:46,6/2/2016,10:04,6/2/2016,2016,PEEC2677
2,BB2_2016,5,whole,3,8411077,11:46,6/2/2016,10:04,6/2/2016,2016,PEEC2678
2,BB2_2016,5,whole,k,243832.73,11:46,6/2/2016,10:04,6/2/2016,2016,PEEC2679
2,BB2_2016,6,whole,1,272096.56,11:46,6/2/2016,10:04,6/2/2016,2016,PEEC2680
2,BB2_2016,6,whole,2,308186.03,11:46,6/2/2016,10:04,6/2/2016,2016,PEEC2681
2,BB2_2016,6,whole,3,359865.5,11:47,6/2/2016,10:04,6/2/2016,2016,PEEC2682
2,BB2_2016,6,whole,k,8150.14,11:47,6/2/2016,10:04,6/2/2016,2016,PEEC2683
2,BB2_2016,7,whole,1,58579.07,11:47,6/2/2016,10:04,6/2/2016,2016,PEEC2684
2,BB2_2016,7,whole,2,77329.82,11:47,6/2/2016,10:04,6/2/2016,2016,PEEC2685
2,BB2_2016,7,whole,3,114106.29,11:48,6/2/2016,10:04,6/2/2016,2016,PEEC2686
2,BB2_2016,7,whole,k,33334.14,11:48,6/2/2016,10:04,6/2/2016,2016,PEEC2687
1,BB1_2016,1,filter,1,264557.96,10:13,6/2/2016,10:13,6/2/2016,2016,PEEC2688
1,BB1_2016,1,filter,2,265598.84,10:13,6/2/2016,10:13,6/2/2016,2016,PEEC2689
1,BB1_2016,1,filter,3,349755.4,10:14,6/2/2016,10:13,6/2/2016,2016,PEEC2690
1,BB1_2016,1,filter,k,143862.59,10:15,6/2/2016,10:13,6/2/2016,2016,PEEC2691
1,BB1_2016,2,filter,1,337042.62,10:16,6/2/2016,10:13,6/2/2016,2016,PEEC2692
1,BB1_2016,2,filter,2,325736.75,10:16,6/2/2016,10:13,6/2/2016,2016,PEEC2693
1,BB1_2016,2,filter,3,324814.49,10:17,6/2/2016,10:13,6/2/2016,2016,PEEC2694
1,BB1_2016,2,filter,k,286579.03,10:17,6/2/2016,10:13,6/2/2016,2016,PEEC2695
1,BB1_2016,3,filter,1,328279.81,10:18,6/2/2016,10:13,6/2/2016,2016,PEEC2696
1,BB1_2016,3,filter,2,323538.43,10:18,6/2/2016,10:13,6/2/2016,2016,PEEC2697
1,BB1_2016,3,filter,3,334933.78,10:18,6/2/2016,10:13,6/2/2016,2016,PEEC2698
1,BB1_2016,3,filter,k,199267.67,10:19,6/2/2016,10:13,6/2/2016,2016,PEEC2699
1,BB1_2016,4,filter,1,263714.4,10:20,6/2/2016,10:13,6/2/2016,2016,PEEC2700
1,BB1_2016,4,filter,2,260905.98,10:20,6/2/2016,10:13,6/2/2016,2016,PEEC2701
1,BB1_2016,4,filter,3,252239.12,10:20,6/2/2016,10:13,6/2/2016,2016,PEEC2702
1,BB1_2016,4,filter,k,263537.21,10:21,6/2/2016,10:13,6/2/2016,2016,PEEC2703
1,BB1_2016,5,filter,1,411519.28,10:21,6/2/2016,10:13,6/2/2016,2016,PEEC2704
1,BB1_2016,5,filter,2,424658.15,10:22,6/2/2016,10:13,6/2/2016,2016,PEEC2705
1,BB1_2016,5,filter,3,450880.93,10:22,6/2/2016,10:13,6/2/2016,2016,PEEC2706
1,BB1_2016,5,filter,k,234984.09,10:22,6/2/2016,10:13,6/2/2016,2016,PEEC2707
1,BB1_2016,6,filter,1,37868.37,10:23,6/2/2016,10:13,6/2/2016,2016,PEEC2708
1,BB1_2016,6,filter,2,38131.43,10:23,6/2/2016,10:13,6/2/2016,2016,PEEC2709
1,BB1_2016,6,filter,3,39303.51,10:24,6/2/2016,10:13,6/2/2016,2016,PEEC2710
1,BB1_2016,6,filter,k,9432.51,10:24,6/2/2016,10:13,6/2/2016,2016,PEEC2711
1,BB1_2016,7,filter,1,55350.9,10:25,6/2/2016,10:13,6/2/2016,2016,PEEC2712
1,BB1_2016,7,filter,2,35229.36,10:25,6/2/2016,10:13,6/2/2016,2016,PEEC2713
1,BB1_2016,7,filter,3,35425.94,10:26,6/2/2016,10:13,6/2/2016,2016,PEEC2714
1,BB1_2016,7,filter,k,44585.86,10:26,6/2/2016,10:13,6/2/2016,2016,PEEC2715
1,BB1_2016,1,filter,1,440692.21,11:27,6/2/2016,10:13,6/2/2016,2016,PEEC2716
1,BB1_2016,1,filter,2,439241.03,11:30,6/2/2016,10:13,6/2/2016,2016,PEEC2717
1,BB1_2016,1,filter,3,482892.34,11:30,6/2/2016,10:13,6/2/2016,2016,PEEC2718
1,BB1_2016,1,filter,k,144477.79,11:31,6/2/2016,10:13,6/2/2016,2016,PEEC2719
1,BB1_2016,2,filter,1,382636.59,11:32,6/2/2016,10:13,6/2/2016,2016,PEEC2720
1,BB1_2016,2,filter,2,369624.71,11:32,6/2/2016,10:13,6/2/2016,2016,PEEC2721
1,BB1_2016,2,filter,3,365678.84,11:32,6/2/2016,10:13,6/2/2016,2016,PEEC2722
1,BB1_2016,2,filter,k,293590.62,11:33,6/2/2016,10:13,6/2/2016,2016,PEEC2723
1,BB1_2016,3,filter,1,580268.18,11:35,6/2/2016,10:13,6/2/2016,2016,PEEC2724
1,BB1_2016,3,filter,2,585760.93,11:36,6/2/2016,10:13,6/2/2016,2016,PEEC2725
1,BB1_2016,3,filter,3,590854.81,11:36,6/2/2016,10:13,6/2/2016,2016,PEEC2726
1,BB1_2016,3,filter,k,201461.78,11:37,6/2/2016,10:13,6/2/2016,2016,PEEC2727
1,BB1_2016,4,filter,1,273436.28,11:37,6/2/2016,10:13,6/2/2016,2016,PEEC2728
1,BB1_2016,4,filter,2,269218.12,11:38,6/2/2016,10:13,6/2/2016,2016,PEEC2729
1,BB1_2016,4,filter,3,269698.87,11:45,6/2/2016,10:13,6/2/2016,2016,PEEC2730
1,BB1_2016,4,filter,k,267419.28,11:45,6/2/2016,10:13,6/2/2016,2016,PEEC2731
1,BB1_2016,5,filter,1,266861.53,11:46,6/2/2016,10:13,6/2/2016,2016,PEEC2732
1,BB1_2016,5,filter,2,910458.31,11:46,6/2/2016,10:13,6/2/2016,2016,PEEC2733
1,BB1_2016,5,filter,3,981031.12,11:47,6/2/2016,10:13,6/2/2016,2016,PEEC2734
1,BB1_2016,5,filter,k,250790.14,11:47,6/2/2016,10:13,6/2/2016,2016,PEEC2735
1,BB1_2016,6,filter,1,103346.92,11:48,6/2/2016,10:13,6/2/2016,2016,PEEC2736
1,BB1_2016,6,filter,2,105874.39,11:49,6/2/2016,10:13,6/2/2016,2016,PEEC2737
1,BB1_2016,6,filter,3,106751.33,11:49,6/2/2016,10:13,6/2/2016,2016,PEEC2738
1,BB1_2016,6,filter,k,11082.69,11:50,6/2/2016,10:13,6/2/2016,2016,PEEC2739
1,BB1_2016,7,filter,1,76251.4,11:52,6/2/2016,10:13,6/2/2016,2016,PEEC2740
1,BB1_2016,7,filter,2,53993.32,11:53,6/2/2016,10:13,6/2/2016,2016,PEEC2741
1,BB1_2016,7,filter,3,52922.84,11:53,6/2/2016,10:13,6/2/2016,2016,PEEC2742
1,BB1_2016,7,filter,k,53293.64,11:54,6/2/2016,10:13,6/2/2016,2016,PEEC2743
2,BB2_2016,1,filter,1,754839.31,10:44,6/2/2016,10:13,6/2/2016,2016,PEEC2744
2,BB2_2016,1,filter,2,768022.81,10:45,6/2/2016,10:13,6/2/2016,2016,PEEC2745
2,BB2_2016,1,filter,3,808425.87,10:46,6/2/2016,10:13,6/2/2016,2016,PEEC2746
2,BB2_2016,1,filter,k,132106.87,10:47,6/2/2016,10:13,6/2/2016,2016,PEEC2747
2,BB2_2016,2,filter,1,427952,10:47,6/2/2016,10:13,6/2/2016,2016,PEEC2748
2,BB2_2016,2,filter,2,421614.65,10:48,6/2/2016,10:13,6/2/2016,2016,PEEC2749
2,BB2_2016,2,filter,3,476628.75,10:48,6/2/2016,10:13,6/2/2016,2016,PEEC2750
2,BB2_2016,2,filter,k,218071.34,10:48,6/2/2016,10:13,6/2/2016,2016,PEEC2751
2,BB2_2016,3,filter,1,863337.06,10:49,6/2/2016,10:13,6/2/2016,2016,PEEC2752
2,BB2_2016,3,filter,2,870904.25,10:49,6/2/2016,10:13,6/2/2016,2016,PEEC2753
2,BB2_2016,3,filter,3,882727.81,10:50,6/2/2016,10:13,6/2/2016,2016,PEEC2754
2,BB2_2016,3,filter,k,93695.64,10:50,6/2/2016,10:13,6/2/2016,2016,PEEC2755
2,BB2_2016,4,filter,1,267084.83,10:50,6/2/2016,10:13,6/2/2016,2016,PEEC2756
2,BB2_2016,4,filter,2,287006.81,10:51,6/2/2016,10:13,6/2/2016,2016,PEEC2757
2,BB2_2016,4,filter,3,268082.62,10:51,6/2/2016,10:13,6/2/2016,2016,PEEC2758
2,BB2_2016,4,filter,k,198785.51,10:52,6/2/2016,10:13,6/2/2016,2016,PEEC2759
2,BB2_2016,5,filter,1,1734625.37,10:52,6/2/2016,10:13,6/2/2016,2016,PEEC2760
2,BB2_2016,5,filter,2,1725897.81,10:53,6/2/2016,10:13,6/2/2016,2016,PEEC2761
2,BB2_2016,5,filter,3,1724384.87,10:53,6/2/2016,10:13,6/2/2016,2016,PEEC2762
2,BB2_2016,5,filter,k,251315.64,10:53,6/2/2016,10:13,6/2/2016,2016,PEEC2763
2,BB2_2016,6,filter,1,302809.03,10:54,6/2/2016,10:13,6/2/2016,2016,PEEC2764
2,BB2_2016,6,filter,2,315255.25,10:54,6/2/2016,10:13,6/2/2016,2016,PEEC2765
2,BB2_2016,6,filter,3,307248.87,10:54,6/2/2016,10:13,6/2/2016,2016,PEEC2766
2,BB2_2016,6,filter,k,16561.7,10:55,6/2/2016,10:13,6/2/2016,2016,PEEC2767
2,BB2_2016,7,filter,1,112799.02,10:55,6/2/2016,10:13,6/2/2016,2016,PEEC2768
2,BB2_2016,7,filter,2,114029.37,10:55,6/2/2016,10:13,6/2/2016,2016,PEEC2769
2,BB2_2016,7,filter,3,109451.8,10:56,6/2/2016,10:13,6/2/2016,2016,PEEC2770
2,BB2_2016,7,filter,k,450973.13,10:56,6/2/2016,10:13,6/2/2016,2016,PEEC2771
2,PP2016,1,whole,1,132567.26,13:42,6/2/2016,13:42,6/2/2016,2016,PEEC2772
2,PP2016,1,whole,2,143967.39,13:43,6/2/2016,13:42,6/2/2016,2016,PEEC2773
2,PP2016,1,whole,3,149278,13:43,6/2/2016,13:42,6/2/2016,2016,PEEC2774
2,PP2016,1,whole,k,131268.2,13:45,6/2/2016,13:42,6/2/2016,2016,PEEC2775
2,PP2016,2,whole,1,234930.79,13:45,6/2/2016,13:42,6/2/2016,2016,PEEC2776
2,PP2016,2,whole,2,229963.39,13:46,6/2/2016,13:42,6/2/2016,2016,PEEC2777
2,PP2016,2,whole,3,224321.7,13:46,6/2/2016,13:42,6/2/2016,2016,PEEC2778
2,PP2016,2,whole,k,206415.12,13:47,6/2/2016,13:42,6/2/2016,2016,PEEC2779
2,PP2016,3,whole,1,223092.98,13:47,6/2/2016,13:42,6/2/2016,2016,PEEC2780
2,PP2016,3,whole,2,231307.95,13:48,6/2/2016,13:42,6/2/2016,2016,PEEC2781
2,PP2016,3,whole,3,207113.15,13:48,6/2/2016,13:42,6/2/2016,2016,PEEC2782
2,PP2016,3,whole,k,181503.45,13:49,6/2/2016,13:42,6/2/2016,2016,PEEC2783
2,PP2016,4,whole,1,235795.14,13:49,6/2/2016,13:42,6/2/2016,2016,PEEC2784
2,PP2016,4,whole,2,255856.59,13:50,6/2/2016,13:42,6/2/2016,2016,PEEC2785
2,PP2016,4,whole,3,233454.23,13:50,6/2/2016,13:42,6/2/2016,2016,PEEC2786
2,PP2016,4,whole,k,220103.95,13:50,6/2/2016,13:42,6/2/2016,2016,PEEC2787
2,PP2016,5,whole,1,259228.06,13:51,6/2/2016,13:42,6/2/2016,2016,PEEC2788
2,PP2016,5,whole,2,261660.92,13:52,6/2/2016,13:42,6/2/2016,2016,PEEC2789
2,PP2016,5,whole,3,190601.15,13:53,6/2/2016,13:42,6/2/2016,2016,PEEC2790
2,PP2016,5,whole,k,172629.92,13:53,6/2/2016,13:42,6/2/2016,2016,PEEC2791
2,PP2016,6,whole,1,10152.74,13:53,6/2/2016,13:42,6/2/2016,2016,PEEC2792
2,PP2016,6,whole,2,9409.95,13:54,6/2/2016,13:42,6/2/2016,2016,PEEC2793
2,PP2016,6,whole,3,8665.11,13:54,6/2/2016,13:42,6/2/2016,2016,PEEC2794
2,PP2016,6,whole,k,5733.31,13:54,6/2/2016,13:42,6/2/2016,2016,PEEC2795
2,PP2016,7,whole,1,47809.66,13:55,6/2/2016,13:42,6/2/2016,2016,PEEC2796
2,PP2016,7,whole,2,45980.97,13:55,6/2/2016,13:42,6/2/2016,2016,PEEC2797
2,PP2016,7,whole,3,45739.06,13:55,6/2/2016,13:42,6/2/2016,2016,PEEC2798
2,PP2016,7,whole,k,43909.29,13:56,6/2/2016,13:42,6/2/2016,2016,PEEC2799
2,PP2016,1,whole,1,154221.31,14:09,6/2/2016,13:42,6/2/2016,2016,PEEC2800
2,PP2016,1,whole,2,164346.68,14:09,6/2/2016,13:42,6/2/2016,2016,PEEC2801
2,PP2016,1,whole,3,169179.14,14:10,6/2/2016,13:42,6/2/2016,2016,PEEC2802
2,PP2016,1,whole,k,133406.06,14:10,6/2/2016,13:42,6/2/2016,2016,PEEC2803
2,PP2016,2,whole,1,251219.6,14:10,6/2/2016,13:42,6/2/2016,2016,PEEC2804
2,PP2016,2,whole,2,243048.53,14:11,6/2/2016,13:42,6/2/2016,2016,PEEC2805
2,PP2016,2,whole,3,238588.09,14:11,6/2/2016,13:42,6/2/2016,2016,PEEC2806
2,PP2016,2,whole,k,207985.64,14:12,6/2/2016,13:42,6/2/2016,2016,PEEC2807
2,PP2016,3,whole,1,278130.87,14:12,6/2/2016,13:42,6/2/2016,2016,PEEC2808
2,PP2016,3,whole,2,285208.84,14:12,6/2/2016,13:42,6/2/2016,2016,PEEC2809
2,PP2016,3,whole,3,263257.5,14:13,6/2/2016,13:42,6/2/2016,2016,PEEC2810
2,PP2016,3,whole,k,181707.21,14:13,6/2/2016,13:42,6/2/2016,2016,PEEC2811
2,PP2016,4,whole,1,234197.35,14:14,6/2/2016,13:42,6/2/2016,2016,PEEC2812
2,PP2016,4,whole,2,256245.51,14:14,6/2/2016,13:42,6/2/2016,2016,PEEC2813
2,PP2016,4,whole,3,232728.92,14:14,6/2/2016,13:42,6/2/2016,2016,PEEC2814
2,PP2016,4,whole,k,220463.13,14:15,6/2/2016,13:42,6/2/2016,2016,PEEC2815
2,PP2016,5,whole,1,281726.18,14:15,6/2/2016,13:42,6/2/2016,2016,PEEC2816
2,PP2016,5,whole,2,287568.65,14:15,6/2/2016,13:42,6/2/2016,2016,PEEC2817
2,PP2016,5,whole,3,210956.15,14:16,6/2/2016,13:42,6/2/2016,2016,PEEC2818
2,PP2016,5,whole,k,174068.42,14:16,6/2/2016,13:42,6/2/2016,2016,PEEC2819
2,PP2016,6,whole,1,15311.95,14:17,6/2/2016,13:42,6/2/2016,2016,PEEC2820
2,PP2016,6,whole,2,14038.31,14:17,6/2/2016,13:42,6/2/2016,2016,PEEC2821
2,PP2016,6,whole,3,13120.84,14:17,6/2/2016,13:42,6/2/2016,2016,PEEC2822
2,PP2016,6,whole,k,5762.12,14:18,6/2/2016,13:42,6/2/2016,2016,PEEC2823
2,PP2016,7,whole,1,49312.09,14:18,6/2/2016,13:42,6/2/2016,2016,PEEC2824
2,PP2016,7,whole,2,48431.98,14:19,6/2/2016,13:42,6/2/2016,2016,PEEC2825
2,PP2016,7,whole,3,47541.1,14:19,6/2/2016,13:42,6/2/2016,2016,PEEC2826
2,PP2016,7,whole,k,43965.64,14:19,6/2/2016,13:42,6/2/2016,2016,PEEC2827
2,PP2016,1,whole,1,120899.09,14:28,6/2/2016,13:42,6/2/2016,2016,PEEC2828
2,PP2016,1,whole,2,170415.6,14:28,6/2/2016,13:42,6/2/2016,2016,PEEC2829
2,PP2016,1,whole,3,184865.84,14:29,6/2/2016,13:42,6/2/2016,2016,PEEC2830
2,PP2016,1,whole,k,131892.29,14:29,6/2/2016,13:42,6/2/2016,2016,PEEC2831
2,PP2016,2,whole,1,255225.68,14:29,6/2/2016,13:42,6/2/2016,2016,PEEC2832
2,PP2016,2,whole,2,250487.15,14:29,6/2/2016,13:42,6/2/2016,2016,PEEC2833
2,PP2016,2,whole,3,246084.37,14:30,6/2/2016,13:42,6/2/2016,2016,PEEC2834
2,PP2016,2,whole,k,204863.81,14:30,6/2/2016,13:42,6/2/2016,2016,PEEC2835
2,PP2016,3,whole,1,319450.84,14:30,6/2/2016,13:42,6/2/2016,2016,PEEC2836
2,PP2016,3,whole,2,326843.75,14:31,6/2/2016,13:42,6/2/2016,2016,PEEC2837
2,PP2016,3,whole,3,307928.71,14:32,6/2/2016,13:42,6/2/2016,2016,PEEC2838
2,PP2016,3,whole,k,179523.06,14:32,6/2/2016,13:42,6/2/2016,2016,PEEC2839
2,PP2016,4,whole,1,231160.29,14:32,6/2/2016,13:42,6/2/2016,2016,PEEC2840
2,PP2016,4,whole,2,249641.46,14:32,6/2/2016,13:42,6/2/2016,2016,PEEC2841
2,PP2016,4,whole,3,232377.45,14:32,6/2/2016,13:42,6/2/2016,2016,PEEC2842
2,PP2016,4,whole,k,219924.37,14:33,6/2/2016,13:42,6/2/2016,2016,PEEC2843
2,PP2016,5,whole,1,274873.96,14:33,6/2/2016,13:42,6/2/2016,2016,PEEC2844
2,PP2016,5,whole,2,228332.25,14:33,6/2/2016,13:42,6/2/2016,2016,PEEC2845
2,PP2016,5,whole,3,22848.46,14:33,6/2/2016,13:42,6/2/2016,2016,PEEC2846
2,PP2016,5,whole,k,176868.39,14:34,6/2/2016,13:42,6/2/2016,2016,PEEC2847
2,PP2016,6,whole,1,19331.84,14:35,6/2/2016,13:42,6/2/2016,2016,PEEC2848
2,PP2016,6,whole,2,17973.86,14:35,6/2/2016,13:42,6/2/2016,2016,PEEC2849
2,PP2016,6,whole,3,16669.76,14:36,6/2/2016,13:42,6/2/2016,2016,PEEC2850
2,PP2016,6,whole,k,5773.5,14:36,6/2/2016,13:42,6/2/2016,2016,PEEC2851
2,PP2016,7,whole,1,51487.43,14:37,6/2/2016,13:42,6/2/2016,2016,PEEC2852
2,PP2016,7,whole,2,50956.41,14:37,6/2/2016,13:42,6/2/2016,2016,PEEC2853
2,PP2016,7,whole,3,49545.74,14:37,6/2/2016,13:42,6/2/2016,2016,PEEC2854
2,PP2016,7,whole,k,44305.27,14:38,6/2/2016,13:42,6/2/2016,2016,PEEC2855
2,PP2016,1,whole,1,178300.9,14:46,6/2/2016,13:42,6/2/2016,2016,PEEC2856
2,PP2016,1,whole,2,187558,14:47,6/2/2016,13:42,6/2/2016,2016,PEEC2857
2,PP2016,1,whole,3,201127.42,14:47,6/2/2016,13:42,6/2/2016,2016,PEEC2858
2,PP2016,1,whole,k,134032.7,14:47,6/2/2016,13:42,6/2/2016,2016,PEEC2859
2,PP2016,2,whole,1,267578.9,14:48,6/2/2016,13:42,6/2/2016,2016,PEEC2860
2,PP2016,2,whole,2,261449.06,14:48,6/2/2016,13:42,6/2/2016,2016,PEEC2861
2,PP2016,2,whole,3,239756.98,14:49,6/2/2016,13:42,6/2/2016,2016,PEEC2862
2,PP2016,2,whole,k,210307.07,14:49,6/2/2016,13:42,6/2/2016,2016,PEEC2863
2,PP2016,3,whole,1,378562.65,14:50,6/2/2016,13:42,6/2/2016,2016,PEEC2864
2,PP2016,3,whole,2,387621.96,14:50,6/2/2016,13:42,6/2/2016,2016,PEEC2865
2,PP2016,3,whole,3,363555.21,14:50,6/2/2016,13:42,6/2/2016,2016,PEEC2866
2,PP2016,3,whole,k,181069.14,14:51,6/2/2016,13:42,6/2/2016,2016,PEEC2867
2,PP2016,4,whole,1,234064.76,14:51,6/2/2016,13:42,6/2/2016,2016,PEEC2868
2,PP2016,4,whole,2,252234.34,14:51,6/2/2016,13:42,6/2/2016,2016,PEEC2869
2,PP2016,4,whole,3,235029.96,14:52,6/2/2016,13:42,6/2/2016,2016,PEEC2870
2,PP2016,4,whole,k,223169.7,14:52,6/2/2016,13:42,6/2/2016,2016,PEEC2871
2,PP2016,5,whole,1,298097.06,14:52,6/2/2016,13:42,6/2/2016,2016,PEEC2872
2,PP2016,5,whole,2,321007.84,14:52,6/2/2016,13:42,6/2/2016,2016,PEEC2873
2,PP2016,5,whole,3,249864.68,14:52,6/2/2016,13:42,6/2/2016,2016,PEEC2874
2,PP2016,5,whole,k,183052.26,14:53,6/2/2016,13:42,6/2/2016,2016,PEEC2875
2,PP2016,6,whole,1,24049.82,14:53,6/2/2016,13:42,6/2/2016,2016,PEEC2876
2,PP2016,6,whole,2,22314.14,14:53,6/2/2016,13:42,6/2/2016,2016,PEEC2877
2,PP2016,6,whole,3,20832.86,14:54,6/2/2016,13:42,6/2/2016,2016,PEEC2878
2,PP2016,6,whole,k,5727.63,14:54,6/2/2016,13:42,6/2/2016,2016,PEEC2879
2,PP2016,7,whole,1,52593.92,14:55,6/2/2016,13:42,6/2/2016,2016,PEEC2880
2,PP2016,7,whole,2,53171.89,14:55,6/2/2016,13:42,6/2/2016,2016,PEEC2881
2,PP2016,7,whole,3,51025.38,14:55,6/2/2016,13:42,6/2/2016,2016,PEEC2882
2,PP2016,7,whole,k,44010.03,14:56,6/2/2016,13:42,6/2/2016,2016,PEEC2883
1,PP2016,1,filter,1,109213.64,13:53,6/2/2016,13:53,6/2/2016,2016,PEEC2884
1,PP2016,1,filter,2,105369.89,13:54,6/2/2016,13:53,6/2/2016,2016,PEEC2885
1,PP2016,1,filter,3,82432.02,13:54,6/2/2016,13:53,6/2/2016,2016,PEEC2886
1,PP2016,1,filter,k,105798.6,13:55,6/2/2016,13:53,6/2/2016,2016,PEEC2887
1,PP2016,2,filter,1,165862.06,13:55,6/2/2016,13:53,6/2/2016,2016,PEEC2888
1,PP2016,2,filter,2,174852.85,13:56,6/2/2016,13:53,6/2/2016,2016,PEEC2889
1,PP2016,2,filter,3,175702.43,13:57,6/2/2016,13:53,6/2/2016,2016,PEEC2890
1,PP2016,2,filter,k,175040.32,13:57,6/2/2016,13:53,6/2/2016,2016,PEEC2891
1,PP2016,3,filter,1,149032.25,13:58,6/2/2016,13:53,6/2/2016,2016,PEEC2892
1,PP2016,3,filter,2,148757.5,13:58,6/2/2016,13:53,6/2/2016,2016,PEEC2893
1,PP2016,3,filter,3,144765.67,13:59,6/2/2016,13:53,6/2/2016,2016,PEEC2894
1,PP2016,3,filter,k,150463.62,14:00,6/2/2016,13:53,6/2/2016,2016,PEEC2895
1,PP2016,4,filter,1,146896.67,14:01,6/2/2016,13:53,6/2/2016,2016,PEEC2896
1,PP2016,4,filter,2,165221.95,14:01,6/2/2016,13:53,6/2/2016,2016,PEEC2897
1,PP2016,4,filter,3,165214.7,14:02,6/2/2016,13:53,6/2/2016,2016,PEEC2898
1,PP2016,4,filter,k,147652.04,14:02,6/2/2016,13:53,6/2/2016,2016,PEEC2899
1,PP2016,5,filter,1,166209.9,14:03,6/2/2016,13:53,6/2/2016,2016,PEEC2900
1,PP2016,5,filter,2,170688.35,14:03,6/2/2016,13:53,6/2/2016,2016,PEEC2901
1,PP2016,5,filter,3,173461.1,14:04,6/2/2016,13:53,6/2/2016,2016,PEEC2902
1,PP2016,5,filter,k,169568,14:05,6/2/2016,13:53,6/2/2016,2016,PEEC2903
1,PP2016,6,filter,1,6158.99,14:05,6/2/2016,13:53,6/2/2016,2016,PEEC2904
1,PP2016,6,filter,2,6219.95,14:06,6/2/2016,13:53,6/2/2016,2016,PEEC2905
1,PP2016,6,filter,3,6459.05,14:07,6/2/2016,13:53,6/2/2016,2016,PEEC2906
1,PP2016,6,filter,k,6747.23,14:08,6/2/2016,13:53,6/2/2016,2016,PEEC2907
1,PP2016,7,filter,1,41777.5,14:08,6/2/2016,13:53,6/2/2016,2016,PEEC2908
1,PP2016,7,filter,2,41684.45,14:09,6/2/2016,13:53,6/2/2016,2016,PEEC2909
1,PP2016,7,filter,3,42626.38,14:10,6/2/2016,13:53,6/2/2016,2016,PEEC2910
1,PP2016,7,filter,k,42483.34,14:11,6/2/2016,13:53,6/2/2016,2016,PEEC2911
1,PP2016,1,filter,1,137044.23,14:37,6/2/2016,13:53,6/2/2016,2016,PEEC2912
1,PP2016,1,filter,2,133234.9,14:37,6/2/2016,13:53,6/2/2016,2016,PEEC2913
1,PP2016,1,filter,3,109040.22,14:38,6/2/2016,13:53,6/2/2016,2016,PEEC2914
1,PP2016,1,filter,k,131508.46,14:39,6/2/2016,13:53,6/2/2016,2016,PEEC2915
1,PP2016,2,filter,1,182606.89,14:39,6/2/2016,13:53,6/2/2016,2016,PEEC2916
1,PP2016,2,filter,2,191191.75,14:40,6/2/2016,13:53,6/2/2016,2016,PEEC2917
1,PP2016,2,filter,3,171886.25,14:40,6/2/2016,13:53,6/2/2016,2016,PEEC2918
1,PP2016,2,filter,k,189732.81,14:41,6/2/2016,13:53,6/2/2016,2016,PEEC2919
1,PP2016,3,filter,1,208562.46,14:41,6/2/2016,13:53,6/2/2016,2016,PEEC2920
1,PP2016,3,filter,2,207311.56,14:42,6/2/2016,13:53,6/2/2016,2016,PEEC2921
1,PP2016,3,filter,3,206620.92,14:44,6/2/2016,13:53,6/2/2016,2016,PEEC2922
1,PP2016,3,filter,k,212942.98,14:44,6/2/2016,13:53,6/2/2016,2016,PEEC2923
1,PP2016,4,filter,1,148151.39,14:45,6/2/2016,13:53,6/2/2016,2016,PEEC2924
1,PP2016,4,filter,2,168578.84,14:46,6/2/2016,13:53,6/2/2016,2016,PEEC2925
1,PP2016,4,filter,3,170345.32,14:46,6/2/2016,13:53,6/2/2016,2016,PEEC2926
1,PP2016,4,filter,k,150846,14:47,6/2/2016,13:53,6/2/2016,2016,PEEC2927
1,PP2016,5,filter,1,192385.57,14:47,6/2/2016,13:53,6/2/2016,2016,PEEC2928
1,PP2016,5,filter,2,197838.45,14:48,6/2/2016,13:53,6/2/2016,2016,PEEC2929
1,PP2016,5,filter,3,199988.01,14:49,6/2/2016,13:53,6/2/2016,2016,PEEC2930
1,PP2016,5,filter,k,195201.59,14:50,6/2/2016,13:53,6/2/2016,2016,PEEC2931
1,PP2016,6,filter,1,11238.93,14:51,6/2/2016,13:53,6/2/2016,2016,PEEC2932
1,PP2016,6,filter,2,11527.56,14:52,6/2/2016,13:53,6/2/2016,2016,PEEC2933
1,PP2016,6,filter,3,12053.7,14:52,6/2/2016,13:53,6/2/2016,2016,PEEC2934
1,PP2016,6,filter,k,12545.53,14:53,6/2/2016,13:53,6/2/2016,2016,PEEC2935
1,PP2016,7,filter,1,48905.87,14:54,6/2/2016,13:53,6/2/2016,2016,PEEC2936
1,PP2016,7,filter,2,48000.43,14:54,6/2/2016,13:53,6/2/2016,2016,PEEC2937
1,PP2016,7,filter,3,49454.13,14:54,6/2/2016,13:53,6/2/2016,2016,PEEC2938
1,PP2016,7,filter,k,48352.35,14:54,6/2/2016,13:53,6/2/2016,2016,PEEC2939
