"","fluorimeter","substrate","when","treatment","site","slope","int","slope.se","int.se","pval","rsq","n"
"1","MXS","Arg-AMC","PEEC2013","killed","BS",46258.8461538461,-33939.4038461538,5983.43124377347,4648.24426449924,5.58034179884845e-05,0.881955039505254,10
"2","MXS","Arg-AMC","PEEC2013","killed","BW",53.7085056298633,2186.06046217978,381.260425935368,475.795428185055,0.889536439058485,0.00110126449710015,20
"3","MXS","Arg-AMC","PEEC2013","killed","DR",62.7062059118772,2546.46984534226,237.259758127135,486.827029118058,0.793489472039469,0.00248847208822596,30
"4","MXS","Arg-AMC","PEEC2013","killed","GW",35.5011644154634,2466.70274802049,305.63356236296,498.400373532554,0.908815043622442,0.000749005820761332,20
"5","MXS","Arg-AMC","PEEC2013","killed","LL",-69.2406620218833,3585.4457606,301.29273788291,638.60656393133,0.820829227479964,0.00292550065276764,20
"6","MXS","Arg-AMC","PEEC2013","killed","PP",32.5140384217548,2420.44208136758,210.172047633567,418.404773827277,0.878166012327188,0.000854009765459924,30
"7","MXS","Arg-AMC","PEEC2013","killed","RR",-209.853944228112,2822.02169482477,368.398390586164,401.340134545478,0.57596375211187,0.017707896371922,20
"8","MXS","Arg-AMC","PEEC2013","killed","RR2",95231.2653061225,-3664.61224489796,17904.3210237161,1182.3782492794,0.000711979983018191,0.779557730921999,10
"9","MXS","Arg-AMC","PEEC2013","killed","SI",333.730825468563,2085.2597899774,1029.70885401784,414.343208143424,0.749596505195393,0.00580181945636815,20
"10","MXS","Arg-AMC","PEEC2013","killed","SW",97.6225198120073,2899.57797166998,417.870509500044,485.02439226485,0.817917017196182,0.00302293801956923,20
"11","MXS","Arg-AMC","PEEC2013","killed","SW2",98207.7303370786,-4721.21797752808,10240.799064236,851.691411953623,1.15936656293183e-05,0.919972173883236,10
"12","MXS","Arg-AMC","PEEC2013","killed","TW",50.6886411646775,2620.33224230029,234.08812534336,337.537556056251,0.830139441162898,0.0016717750873262,30
"13","MXS","Arg-AMC","PEEC2013","live","BW",73.7049338964073,2306.82323739291,388.087115819634,472.679645381415,0.851498293759218,0.00199982863807148,20
"14","MXS","Arg-AMC","PEEC2013","live","DR",1449.58814887544,4330.56419468636,490.626857019041,989.574987327858,0.00628371383446349,0.237668847367416,30
"15","MXS","Arg-AMC","PEEC2013","live","GW",15.2278938510245,2409.64327074446,292.871384774513,458.921402429441,0.959105238771546,0.00015017169114095,20
"16","MXS","Arg-AMC","PEEC2013","live","LL",806.955329931472,4228.46002795161,937.80942331317,1932.55688891802,0.400847312908296,0.0395085247882909,20
"17","MXS","Arg-AMC","PEEC2013","live","PP",6186.51197661596,4725.4959921256,1265.45853795099,2462.87153108422,3.7593546265491e-05,0.460499804685856,30
"18","MXS","Arg-AMC","PEEC2013","live","RR",1057.12775346572,3047.52324510615,679.48984108777,710.478576613104,0.137170534823446,0.118528979969672,20
"19","MXS","Arg-AMC","PEEC2013","live","RR2",96552,5297,84259.6813067379,1719.94354242528,0.284960376522315,0.140990793752688,10
"20","MXS","Arg-AMC","PEEC2013","live","SI",2582.54725508441,6132.03997740263,3540.61506516252,1290.82816724545,0.475138439967051,0.0287088665884708,20
"21","MXS","Arg-AMC","PEEC2013","live","SW",151.529740605242,3241.01678835219,432.022334260973,482.71233186996,0.729850980521293,0.00678817046421841,20
"22","MXS","Arg-AMC","PEEC2013","live","SW2",-684.567493112943,4903.66877869605,12220.9077639694,1071.99337271737,0.956702736089259,0.000392071539391626,10
"23","MXS","Arg-AMC","PEEC2013","live","TW",1661.12516369213,4346.69184264873,436.705174708806,618.772690495313,0.000709365139198949,0.340690146661287,30
"24","MXS","Arg-AMC","PEEC2015","killed","DR2015",173.385826771653,5340.63779527559,30.6748732024693,34.7642297612133,0.00482653355673279,0.888732252208248,6
"25","MXS","Arg-AMC","PEEC2015","live","DR2015",4118.32204117574,4780.69224079586,112.963600043516,127.698903844994,7.91195204868443e-17,0.988105133320988,18
"26","MXS","Gly-AMC","PEEC2013","killed","BW",-268.91333067593,4706.05304652355,688.045790087648,912.755870786751,0.701073206066109,0.0094567830399777,18
"27","MXS","Gly-AMC","PEEC2013","killed","DR",76.7883752196994,4117.31656294471,377.454867616668,798.896600160075,0.840264567119836,0.00147591521332161,30
"28","MXS","Gly-AMC","PEEC2013","killed","GW",67.3879253164737,4026.7905536582,521.070730854799,900.341434396317,0.898533966110757,0.000928314127194553,20
"29","MXS","Gly-AMC","PEEC2013","killed","LL",177.544388408432,4432.26879499206,542.227237738903,1200.07835364309,0.747583722414513,0.00665626822119168,18
"30","MXS","Gly-AMC","PEEC2013","killed","PP",58.236320244965,3558.7768818944,329.339603986096,681.849939106223,0.86091670379827,0.00111546818975723,30
"31","MXS","Gly-AMC","PEEC2013","killed","RR",156.620352263203,3971.23875895763,721.524074927892,848.327923046079,0.830596134121977,0.00261087969639883,20
"32","MXS","Gly-AMC","PEEC2013","killed","RR2",151759.555555555,-21612.637037037,21878.0293084124,3770.03864518476,0.000120020376781215,0.857439902172443,10
"33","MXS","Gly-AMC","PEEC2013","killed","SI",708.201648278612,3663.90131596438,2103.20757373367,1019.38690867174,0.740218642851638,0.00625964943763059,20
"34","MXS","Gly-AMC","PEEC2013","killed","SW",194.996519153179,4699.56103596023,721.260615251355,889.493839442341,0.789962528718099,0.00404423911038202,20
"35","MXS","Gly-AMC","PEEC2013","killed","SW2",188555.268292683,-26912.6243902438,44214.4612447644,7604.80164667633,0.00274435017331231,0.694498849494512,10
"36","MXS","Gly-AMC","PEEC2013","killed","TW",73.7775617196456,4039.84506256147,392.847651495132,588.278822085102,0.85238627380848,0.0012580431497461,30
"37","MXS","Gly-AMC","PEEC2013","live","BW",450.99504962914,3761.98990086715,889.95026273857,1141.24531207822,0.618471662809724,0.0140665366003265,20
"38","MXS","Gly-AMC","PEEC2013","live","DR",1086.72590882703,5472.51659742532,637.119598473005,1325.38289486936,0.0991377853363469,0.0941256610560877,30
"39","MXS","Gly-AMC","PEEC2013","live","GW",108.543454771083,3941.79075486121,535.345872725803,901.055119526432,0.841601602431722,0.00227863691788856,20
"40","MXS","Gly-AMC","PEEC2013","live","LL",869.55064465217,3432.99051752663,697.506246283007,1525.25028190272,0.222852177904848,0.0525865953957099,30
"41","MXS","Gly-AMC","PEEC2013","live","PP",2401.23758935191,4363.39237275737,760.414619189132,1544.99341889426,0.00378798278896825,0.262608797778029,30
"42","MXS","Gly-AMC","PEEC2013","live","RR",2188.38878446321,4916.45235875971,1094.14402764528,1236.047846167,0.0608107002522895,0.181831877089274,20
"43","MXS","Gly-AMC","PEEC2013","live","RR2",359934,-30587.84,60156.8578285137,7061.13852506333,0.000329489302425801,0.817348996539431,10
"44","MXS","Gly-AMC","PEEC2013","live","SI",1552.12003190217,6382.6711883557,3216.65298691298,1423.77021455495,0.635247893430486,0.0127699165897343,20
"45","MXS","Gly-AMC","PEEC2013","live","SW",181.507466939309,4980.74026951377,721.008329732052,863.664790157067,0.804092928867187,0.00350840372219874,20
"46","MXS","Gly-AMC","PEEC2013","live","SW2",177527.632653061,-17613.4816326531,41084.8100346731,5430.69428803403,0.0025426243080712,0.700049601767677,10
"47","MXS","Gly-AMC","PEEC2013","live","TW",410.603344985857,4623.80739446016,476.876436650804,700.838328618047,0.396536895745043,0.0257944230761693,30
"48","MXS","Gly-AMC","PEEC2015","killed","DR2015",323.652622754097,2566.41939407887,47.3668940535233,54.3124703051679,0.00239956606132828,0.921086389992629,6
"49","MXS","Gly-AMC","PEEC2015","live","DR2015",1514.65831704265,2515.49408130623,190.92182580743,218.513581930262,6.17972566283614e-07,0.797311235005163,18
"50","MXS","Leu-AMC","PEEC2013","killed","BW",-213.293449167741,2570.83833552626,480.102811893472,676.478510354534,0.662145234791439,0.0108462060677068,20
"51","MXS","Leu-AMC","PEEC2013","killed","DR",45.3389792404621,2122.44729521021,188.621662039414,413.168835213482,0.811794690653951,0.00205924050229481,30
"52","MXS","Leu-AMC","PEEC2013","killed","GW",58.9491705295791,2130.66432427598,256.5262756395,462.829732170867,0.820840041636375,0.00292514194532043,20
"53","MXS","Leu-AMC","PEEC2013","killed","LL",81099.8571428544,-249672.292857134,11635.6764042674,36178.6939356361,0.000217293355638938,0.874055263146139,9
"54","MXS","Leu-AMC","PEEC2013","killed","PP",34.1912781456551,2059.07797937093,173.800905083835,372.163299595957,0.845462405757158,0.0013802848111726,30
"55","MXS","Leu-AMC","PEEC2013","killed","RR",40.3652892582069,2273.1228388409,347.691944720493,444.936644880665,0.908862699632865,0.000748219986967717,20
"56","MXS","Leu-AMC","PEEC2013","killed","RR2",87458.0000000001,-25353.2133333334,9484.87283520459,3006.03804738252,1.55014793070838e-05,0.913999697110972,10
"57","MXS","Leu-AMC","PEEC2013","killed","SI",254.718463378971,1871.65499135983,933.459579446309,534.53637268824,0.788054711845069,0.00411968926146887,20
"58","MXS","Leu-AMC","PEEC2013","killed","SW",-296.555742319038,2471.48317182679,430.726770387375,568.679876870191,0.499915762594645,0.0256594428207564,20
"59","MXS","Leu-AMC","PEEC2013","killed","SW2",89311.7142857146,-21972.3928571429,10657.6855433805,2880.64357586577,3.12195266706216e-05,0.897730756193912,10
"60","MXS","Leu-AMC","PEEC2013","killed","TW",69.9180247569878,2660.45857989275,301.404073277548,468.599244106752,0.818244990001619,0.00191817480690094,30
"61","MXS","Leu-AMC","PEEC2013","live","BS",1939649.50000001,-1631924.95833334,1267599.16250478,1151547.93030967,0.176847354333851,0.280699547988766,8
"62","MXS","Leu-AMC","PEEC2013","live","BW",69.3673143831566,1902.93799570023,323.942049117958,442.286030572971,0.832848845233822,0.00254095911652082,20
"63","MXS","Leu-AMC","PEEC2013","live","DR",5923.28495319865,8888.94066539601,1514.36775978449,3258.09105594671,0.000532633699472864,0.35333353054088,30
"64","MXS","Leu-AMC","PEEC2013","live","GW",69.7391501288114,2225.55765365343,297.74073404105,526.598163492674,0.817451649935087,0.00303866345463517,20
"65","MXS","Leu-AMC","PEEC2013","live","LL",4298.75253833384,3260.31288968646,1559.30441821686,3559.08837658493,0.0129814521439214,0.296879556207264,20
"66","MXS","Leu-AMC","PEEC2013","live","PP",8066.87882757506,5545.02484653287,1540.23631262543,3244.40297784651,1.4494245719074e-05,0.494864448399075,30
"67","MXS","Leu-AMC","PEEC2013","live","RR",6924.41157921469,5352.63925149086,1860.92910050179,2291.3181541553,0.00156397473695421,0.434769560491531,20
"68","MXS","Leu-AMC","PEEC2013","live","RR2",518534.64,-96180.608,145045.804567678,35156.7812602738,0.00724106725963596,0.615022261265294,10
"69","MXS","Leu-AMC","PEEC2013","live","SI",5808.99175860694,10403.5438322478,6132.00835286781,3238.47069094705,0.35601969332894,0.0474890536704256,20
"70","MXS","Leu-AMC","PEEC2013","live","SW",47.6683681722345,1846.83122785499,383.025108680444,491.63800520284,0.902336440219886,0.000859725960764588,20
"71","MXS","Leu-AMC","PEEC2013","live","SW2",83485.8461538461,-16584.0153846154,16218.5485134045,3655.67506589849,0.0008769543502458,0.768097840406633,10
"72","MXS","Leu-AMC","PEEC2013","live","TW",1641.90052425341,3990.37555765896,456.69231365757,697.936997463216,0.00122963116007536,0.315829449624251,30
"73","MXS","Leu-AMC","PEEC2015","killed","DR2015",130.806963325826,4361.71681488666,32.2791935678741,37.4451785633082,0.0154456148338925,0.80412928993787,6
"74","MXS","Leu-AMC","PEEC2015","live","DR2015",9054.27394913691,4410.45542524999,127.990990654518,148.136393345028,2.0931305244521e-21,0.996812976939935,18
"75","MXS","Pyr-AMC","PEEC2013","killed","BS",145711.124999998,-63047.2437499992,28093.998533582,12749.7483451388,0.00127167302896974,0.793512600143595,9
"76","MXS","Pyr-AMC","PEEC2013","killed","BW",0.792901522262309,247.001032812921,1.78878136149727,2.6895494190484,0.662856740806346,0.0107978312498238,20
"77","MXS","Pyr-AMC","PEEC2013","killed","DR",103.165690130031,3910.40549419926,382.925845938482,859.267516118323,0.789586408259029,0.00258558502482943,30
"78","MXS","Pyr-AMC","PEEC2013","killed","GW",119.480836338682,3791.00451203843,498.090635198895,933.582285194877,0.813135533829332,0.00318655293802517,20
"79","MXS","Pyr-AMC","PEEC2013","killed","LL",107.204124695874,3758.77796652528,449.500745725034,1085.72929361753,0.814524126847009,0.00354242762927047,18
"80","MXS","Pyr-AMC","PEEC2013","killed","PP",34.0358780804402,3446.06422306812,276.217889416125,642.001679348994,0.902812250756732,0.000541971991199224,30
"81","MXS","Pyr-AMC","PEEC2013","killed","RR",96.8819072710173,4128.77299877919,697.711739300351,950.837588841723,0.891105172305843,0.0010700297132016,20
"82","MXS","Pyr-AMC","PEEC2013","killed","RR2",164413.913043478,-66607.4057971014,19600.9860482646,8465.44276265691,3.10035410485606e-05,0.89790613745959,10
"83","MXS","Pyr-AMC","PEEC2013","killed","SI",462.325535025921,3780.04479595906,2109.98490496952,1401.06281262545,0.829027245274884,0.00266015981123582,20
"84","MXS","Pyr-AMC","PEEC2013","killed","SW",165.440755378884,4504.93403191453,677.013330404606,936.093176822507,0.809709256094448,0.00330658470549228,20
"85","MXS","Pyr-AMC","PEEC2013","killed","SW2",103532.127659574,-33793.3049645389,19179.3688875179,7266.11542729842,0.000647484384227848,0.784595743512783,10
"86","MXS","Pyr-AMC","PEEC2013","killed","TW",75.5260013277275,4081.63558161835,403.856668535312,652.433055534117,0.852999803297414,0.00124749357580356,30
"87","MXS","Pyr-AMC","PEEC2013","live","BW",14.8252354446115,243.275858394703,15.4728404829634,22.5080492495508,0.350682999280826,0.0485273851078358,20
"88","MXS","Pyr-AMC","PEEC2013","live","DR",115.846200232836,4026.75734822661,397.097508170247,878.899848547777,0.772641774700897,0.00303035262880609,30
"89","MXS","Pyr-AMC","PEEC2013","live","GW",112.606372864167,3771.55463392402,495.778491567326,912.54260753484,0.822882009009488,0.00285782188496695,20
"90","MXS","Pyr-AMC","PEEC2013","live","LL",107534.655737707,-335697.968852465,18643.2589173956,58819.9825156361,0.000420234609454976,0.806154748280941,10
"91","MXS","Pyr-AMC","PEEC2013","live","PP",46.3010497541266,3810.9925458596,300.70405217246,688.308979660188,0.878733510421491,0.000846013918684133,30
"92","MXS","Pyr-AMC","PEEC2013","live","RR",99.5504027971366,4333.51831699308,729.419497984303,963.145286593734,0.892957532987058,0.00103373595902897,20
"93","MXS","Pyr-AMC","PEEC2013","live","RR2",136100.587155963,-45410.9229357797,20341.1694077388,7500.68650787646,0.000154147444716406,0.848393105010411,10
"94","MXS","Pyr-AMC","PEEC2013","live","SI",568.075634720193,4201.60226638309,2328.3096873846,1438.88157260222,0.810000738794224,0.00329628236937322,20
"95","MXS","Pyr-AMC","PEEC2013","live","SW",197.106108012515,4567.99393506552,702.627228477738,949.962522225392,0.782271781872257,0.00435294442427273,20
"96","MXS","Pyr-AMC","PEEC2013","live","SW2",185393.142857143,-53732.0857142859,26206.5954153782,8392.47777433188,0.000104618879233257,0.862177384298804,10
"97","MXS","Pyr-AMC","PEEC2013","live","TW",83.0649997168486,4198.14602257836,428.097545641179,679.506374146986,0.847550989703558,0.00134279300161985,30
"98","MXS","Pyr-AMC","PEEC2015","killed","DR2015",417.504643861062,4638.04418654349,500.871932207628,587.788935372714,0.451413059062329,0.147996259817552,6
"99","MXS","Pyr-AMC","PEEC2015","live","DR2015",981.807029147345,3851.37424172748,114.408512592627,134.019539536533,2.20537973794574e-07,0.821515620739585,18
"100","MXS","GGR-AMC","PEEC2013","killed","BS",176220,-192056.8,42690.951322264,47405.995341226,0.00616211237899583,0.739569646489658,8
"101","MXS","GGR-AMC","PEEC2013","killed","BW",115.595825222904,5696.09327984656,2120.8997207618,3342.97435982463,0.957431162441117,0.000247488650316044,14
"102","MXS","GGR-AMC","PEEC2013","killed","DR",41.4287819270835,4308.53386296311,412.934992117678,954.268885915263,0.920799168045652,0.000359357596207139,30
"103","MXS","GGR-AMC","PEEC2013","killed","GW",98.0318956671328,4248.95793032341,551.896226368244,1074.50012585696,0.860999226534291,0.00174979372981162,20
"104","MXS","GGR-AMC","PEEC2013","killed","LL",43.6958006629324,3892.90586367966,340.705600196414,810.165322658134,0.899548616867154,0.00102696263573842,18
"105","MXS","GGR-AMC","PEEC2013","killed","PP",102.807544194075,5511.61408576648,385.499803985197,928.414621640031,0.791664925641967,0.00253362234887033,30
"106","MXS","GGR-AMC","PEEC2013","killed","RR",40.3019117403997,3859.41895591152,769.438244075532,1107.09384658236,0.958967259283438,0.000195925347000132,16
"107","MXS","GGR-AMC","PEEC2013","killed","RR2",137121,-69863.5499999999,15365.6274587144,8262.74621410254,0.00011043201722106,0.929935694187826,8
"108","MXS","GGR-AMC","PEEC2013","killed","SI",-25.0999999999995,3100.445,2912.63394370113,2164.97082214172,0.993293707581597,7.42629855366093e-06,12
"109","MXS","GGR-AMC","PEEC2013","killed","SW",117.812291997801,5041.5975046128,729.808329576179,1060.71126400362,0.873553575811478,0.0014456487398279,20
"110","MXS","GGR-AMC","PEEC2013","killed","SW2",203152.000000001,-90553.7600000003,39452.4429459066,18745.1007914282,0.00087508796935506,0.768217853937304,10
"111","MXS","GGR-AMC","PEEC2013","killed","TW",-28.9135397785314,4679.28336026362,451.58071499494,759.968340329635,0.949403333713369,0.000146389572359779,30
"112","MXS","GGR-AMC","PEEC2013","live","BW",100.693266452727,5761.49315511627,1391.8583545484,2154.37888180867,0.943125580052441,0.000290677900276653,20
"113","MXS","GGR-AMC","PEEC2013","live","DR",382.200953620886,4759.33678485478,481.750684786996,1099.44048813083,0.434240940876159,0.0219849933517784,30
"114","MXS","GGR-AMC","PEEC2013","live","GW",69.9071847834713,4327.3308321816,567.698238752197,1085.2522744541,0.903359646980731,0.000841725175501188,20
"115","MXS","GGR-AMC","PEEC2013","live","LL",114318.666666668,-366385.133333337,17133.4342409485,55598.5881029582,0.000157144073489821,0.847674191818154,10
"116","MXS","GGR-AMC","PEEC2013","live","PP",1362.68150012262,6808.75624253241,587.308670333361,1387.36494928584,0.0278380313661921,0.161259552696585,30
"117","MXS","GGR-AMC","PEEC2013","live","RR",378.297720877884,4221.84888998312,841.001659114548,1177.02681571119,0.659727720009949,0.0142466893033532,16
"118","MXS","GGR-AMC","PEEC2013","live","RR2",230606,-104914.1,58550.9724161076,28187.9507081294,0.00763732768597049,0.721088306677897,8
"119","MXS","GGR-AMC","PEEC2013","live","SI",959.85843413532,4785.26914130001,2661.45367240035,1891.16213621346,0.722557348692356,0.00717425934762772,20
"120","MXS","GGR-AMC","PEEC2013","live","SW",-7.44866465463256,4458.49668640738,694.828631038384,984.824097097752,0.991564647776826,6.38448918543254e-06,20
"121","MXS","GGR-AMC","PEEC2013","live","SW2",34515.8571428579,-9921.62857142891,64632.5885929121,27803.7012862626,0.60783532530773,0.0344216556263099,10
"122","MXS","GGR-AMC","PEEC2013","live","TW",1283.18476842645,5501.57516380569,677.400514225324,1118.93421356772,0.0685603427417729,0.113595532704022,30
"123","MXS","GGR-AMC","PEEC2015","killed","DR2015",557.697009966776,5700.12790697675,61.3652236248053,72.8599877865093,0.000812796026906685,0.953807777243621,6
"124","MXS","GGR-AMC","PEEC2015","live","DR2015",9801.14383497644,4066.81915967557,229.955101150869,272.492632233786,6.65494558556622e-18,0.991269396765103,18
"125","UT","Arg-AMC","PEEC2013","killed","BS",70.9710808336474,1927.30760766151,246.452058231315,303.328267838718,0.77665832749073,0.0045859487957379,20
"126","UT","Arg-AMC","PEEC2013","killed","EC",14.0619288414468,1326.89534528427,164.177509834673,260.340588963281,0.932689568722648,0.00040739246667671,20
"127","UT","Arg-AMC","PEEC2013","killed","FP",63212.6956521739,-2090.76521739131,13347.7624775428,887.065689380617,0.00147183983998141,0.737084770791451,10
"128","UT","Arg-AMC","PEEC2013","killed","FP2",69004.0869565218,-2754.09565217391,10004.5811755943,664.884523711318,0.000124874597383549,0.856042722793903,10
"129","UT","Arg-AMC","PEEC2013","killed","LL",32.7436833399874,3245.78561854788,301.498580570119,467.239042772181,0.914718797407495,0.000654828439785994,20
"130","UT","Arg-AMC","PEEC2013","live","BS",66879.3136636493,86753.8394294426,21557.324358563,24700.2581177383,0.00501903282699862,0.295015883531188,25
"131","UT","Arg-AMC","PEEC2013","live","EC",2139.9066659918,2236.28081186415,463.727788345777,724.178331260519,0.000215241449438785,0.541918323472541,20
"132","UT","Arg-AMC","PEEC2013","live","FP",375140.869565217,12261.0869565217,122097.493715656,2492.30465396694,0.0152905164494767,0.541286272396104,10
"133","UT","Arg-AMC","PEEC2013","live","FP2",289675.739130435,8650.67391304348,85706.4332680748,1749.47524317234,0.00964365426883356,0.588126789135139,10
"134","UT","Arg-AMC","PEEC2013","live","LL",2104.96526583723,2915.39148302211,475.534820363711,723.718760702563,0.000325788658419692,0.521201408567408,20
"135","UT","Arg-AMC","PEEC2015","killed","AC",-11542.3828466091,66282.2203356942,7803.30456402034,6488.69265265584,0.235644709685332,0.421734911448245,5
"136","UT","Arg-AMC","PEEC2015","killed","BB1",3788.99883503372,152059.83866982,465.621217713568,570.293599053872,0.000185082340283084,0.916919510732864,8
"137","UT","Arg-AMC","PEEC2015","killed","BB2",10269.3075108439,71798.7922152043,2103.5946552365,2489.05614690109,0.0164335818188864,0.888192678534967,5
"138","UT","Arg-AMC","PEEC2015","killed","BS2015",-2837.80100937277,165712.255948089,494.402476730049,240.612967888465,0.109809915849662,0.970541442138383,3
"139","UT","Arg-AMC","PEEC2015","killed","FP2015",3461.50458715595,184527.837614679,6372.69677236509,6859.90541747653,0.641452769392377,0.128556116576397,4
"140","UT","Arg-AMC","PEEC2015","killed","TW2015",13.4937650404667,41051.5462699628,698.903578038424,344.31790551365,0.98634912739403,0.00018634632290459,4
"141","UT","Arg-AMC","PEEC2015","live","AC",14293.6887485061,83358.1466621137,1992.20116781093,1644.95723231184,7.20958562751779e-06,0.798381063830253,15
"142","UT","Arg-AMC","PEEC2015","live","BB1",574895.911269438,184795.704288097,9497.63560495371,11511.3719077366,5.77584169226839e-26,0.994031360712709,24
"143","UT","Arg-AMC","PEEC2015","live","BB2",296804.860167723,116333.40778406,4315.47066146533,5065.34464691297,4.82245941235082e-18,0.997259273139894,15
"144","UT","Arg-AMC","PEEC2015","live","BS2015",130528.079834825,182472.214728149,2459.37884169292,1174.95711771131,2.20938790763305e-10,0.997521076714151,9
"145","UT","Arg-AMC","PEEC2015","live","FP2015",78522.9963679159,191426.939248828,4995.58447147557,5302.32303966436,2.2284315084958e-08,0.961100183986598,12
"146","UT","Arg-AMC","PEEC2015","live","TW2015",15303.7572702598,41166.8512989531,7810.03949349549,3787.54856832931,0.0785016125459591,0.277437469436577,12
"147","UT","Arg-AMC","TN2015","killed","DOUGLAS",318.985979437672,136571.925962151,879.665897597978,914.489066555954,0.735235708926516,0.0318273511695882,6
"148","UT","Arg-AMC","TN2015","killed","DOUGLAS2",1476.61825111777,127988.772971976,752.288394704455,761.34148743862,0.121160149594605,0.490622525831338,6
"149","UT","Arg-AMC","TN2015","killed","EASTMAN",-173.411471778087,134849.926290214,712.968969650508,721.532581743114,0.81979554323195,0.0145739884738562,6
"150","UT","Arg-AMC","TN2015","killed","EBFISH",2032.1417142857,122701.656209524,380.236278590573,388.990089642168,0.00590773150906572,0.87716046582213,6
"151","UT","Arg-AMC","TN2015","killed","GSMIT",717.390284547934,119680.507675591,545.4682431406,556.035347179024,0.258774168529175,0.301883778526208,6
"152","UT","Arg-AMC","TN2015","killed","HESLER",2739.45921895005,117164.667215109,467.54948772839,479.222386262588,0.00423490127642775,0.895643251113171,6
"153","UT","Arg-AMC","TN2015","killed","IJAMS",2307.8177432896,135813.305496247,786.95650888529,755.334779293504,0.0427035111253043,0.682541229848705,6
"154","UT","Arg-AMC","TN2015","killed","LECONTEMID",2141.97721024045,134551.556775795,703.176428974849,625.19829507247,0.0381719098744644,0.698772453364158,6
"155","UT","Arg-AMC","TN2015","killed","LECONTEPEAK",923.728211463815,133129.114852464,407.175099456271,389.06198845888,0.0858578156629297,0.562682188307769,6
"156","UT","Arg-AMC","TN2015","killed","SISBP",-3438.77694480498,131572.564312798,1917.62920183156,1902.07415551815,0.14739285229946,0.445655058907219,6
"157","UT","Arg-AMC","TN2015","killed","SPP",1513.0893306051,118888.805557829,607.321148232194,610.713795245994,0.0673822768132441,0.608117887445928,6
"158","UT","Arg-AMC","TN2015","killed","THIRDCREEK",1877.82329400467,131847.006079179,837.590867746545,839.469462755211,0.0884321054810672,0.55684892911964,6
"159","UT","Arg-AMC","TN2015","killed","TNRIV",2279.58543382786,122856.651229674,790.921354850685,807.679064534693,0.0449140747838876,0.674982188892067,6
"160","UT","Arg-AMC","TN2015","killed","TNRIV2",427.762897322276,131801.111125024,549.47173903083,556.071553369476,0.479757423057986,0.131578802394862,6
"161","UT","Arg-AMC","TN2015","killed","WATERPLANT",1686.13131153794,129778.160107874,693.998302091346,666.111847886937,0.0720128487200147,0.596078218622213,6
"162","UT","Arg-AMC","TN2015","killed","WFPC",1686.13131153794,129778.160107874,693.998302091346,666.111847886937,0.0720128487200147,0.596078218622213,6
"163","UT","Arg-AMC","TN2015","live","DOUGLAS",41997.537735347,135880.141315941,851.040793368952,877.175433343371,6.48925170790195e-19,0.993472768025497,18
"164","UT","Arg-AMC","TN2015","live","DOUGLAS2",29874.0779869242,133081.470977587,6440.89302181008,6500.355834064,0.00027342056920999,0.573478868082254,18
"165","UT","Arg-AMC","TN2015","live","EASTMAN",12149.9463453273,137579.255317463,1537.3836833736,1551.5651719313,6.49400944282923e-07,0.796067781061171,18
"166","UT","Arg-AMC","TN2015","live","EBFISH",79043.4957898898,132287.609997703,1145.51270259778,1156.08816263701,3.11308278773882e-21,0.996650881006651,18
"167","UT","Arg-AMC","TN2015","live","GSMIT",14815.1922619889,124846.837595278,771.388335801079,780.412458737301,1.78551240928973e-12,0.958427072602487,18
"168","UT","Arg-AMC","TN2015","live","HESLER",82544.9247462277,138673.419933699,4019.57242500335,4083.26923802188,6.36336290860039e-13,0.963446695947666,18
"169","UT","Arg-AMC","TN2015","live","IJAMS",10767.3236180393,138094.283852636,563.658963308729,537.13986827743,1.93985409895426e-12,0.957995042745605,18
"170","UT","Arg-AMC","TN2015","live","LECONTEMID",3194.51864840356,136223.111977405,1207.55790561427,1060.74210400741,0.0176325158890142,0.304297559189314,18
"171","UT","Arg-AMC","TN2015","live","LECONTEPEAK",2180.8595106948,133731.831445641,668.701353132586,638.435688313491,0.00490264682648496,0.399316190256749,18
"172","UT","Arg-AMC","TN2015","live","SISBP",49955.3416744834,143413.044908733,1014.16979406643,1001.23014016518,6.68267546188646e-19,0.993448768687413,18
"173","UT","Arg-AMC","TN2015","live","SPP",22304.3585927833,127382.111785372,420.38472773092,418.235140039637,2.04915957116277e-19,0.994348380227182,18
"174","UT","Arg-AMC","TN2015","live","THIRDCREEK",39411.1094345598,137274.99315115,619.951725272199,614.435637588207,1.15058891818373e-20,0.996056495150617,18
"175","UT","Arg-AMC","TN2015","live","TNRIV",80136.9501812599,127999.1025338,1477.46253505677,1491.55434823125,1.44277745873894e-19,0.994590815923518,18
"176","UT","Arg-AMC","TN2015","live","TNRIV2",33434.6576885149,136258.169465415,632.355635199008,638.188755650301,2.16552763944317e-19,0.994309237242974,18
"177","UT","Arg-AMC","TN2015","live","WATERPLANT",59746.0184057823,145469.62457328,588.245203065227,560.569371654297,6.50075471902535e-24,0.998451376822443,18
"178","UT","Arg-AMC","TN2015","live","WFPC",59746.0184057823,145469.62457328,588.245203065227,560.569371654297,6.50075471902535e-24,0.998451376822443,18
"179","UT","Gly-AMC","PEEC2013","killed","BS",-41.9025894774686,2951.57659347001,424.977924720336,487.922209761984,0.922184692113601,0.000359938970069711,29
"180","UT","Gly-AMC","PEEC2013","killed","EC",-22.616435488461,2949.10974535507,540.223685212793,883.297389242517,0.967067254974871,9.73612818491137e-05,20
"181","UT","Gly-AMC","PEEC2013","killed","FP",125835.47826087,-17554.9739130435,16602.2834013844,2749.00258960746,6.42794057228091e-05,0.877764479262231,10
"182","UT","Gly-AMC","PEEC2013","killed","FP2",128110,-17897,16324.1395671776,2702.9475921091,5.01262636314861e-05,0.885039843665596,10
"183","UT","Gly-AMC","PEEC2013","killed","LL",97.7962831169648,4614.36147108215,518.463093813596,843.834559752566,0.852756727129672,0.00221883150892461,18
"184","UT","Gly-AMC","PEEC2013","live","BS",8387.7073686852,13012.7550390704,3266.38893260721,3783.79338708035,0.0160848991471049,0.196285707312661,29
"185","UT","Gly-AMC","PEEC2013","live","EC",901.732892913776,4125.00507781975,561.194144368675,903.60438533616,0.125495536709653,0.125442683116862,20
"186","UT","Gly-AMC","PEEC2013","live","FP",334287.217391304,-28914.7,50746.2139653272,5877.95099873372,0.000171621826225302,0.844340581884788,10
"187","UT","Gly-AMC","PEEC2013","live","FP2",270513.391304348,-24300.6,32178.6300748985,3727.26152370436,3.05093322882607e-05,0.898310938472374,10
"188","UT","Gly-AMC","PEEC2013","live","LL",43686.3043478261,-5114.33985507246,24034.4688129123,4773.39583696501,0.106634659679622,0.292277114050821,10
"189","UT","Gly-AMC","PEEC2015","killed","AC",24806.8122270742,71142.031441048,15906.3199808054,13487.5839209082,0.216764621602849,0.447739389696719,5
"190","UT","Gly-AMC","PEEC2015","killed","BB1",1186.67765320523,50978.3776505755,198.955905297845,247.017442223696,0.000994995238661536,0.855684478001277,8
"191","UT","Gly-AMC","PEEC2015","killed","BB2",22467.7176148047,81837.0226182316,1959.88222520692,2358.78970675301,0.00142466646278745,0.977681716848321,5
"192","UT","Gly-AMC","PEEC2015","killed","BS2015",-17502.6315789474,158691.289473684,9087.79710560749,4544.73993759992,0.304882779075116,0.787653252592947,3
"193","UT","Gly-AMC","PEEC2015","killed","FP2015",1438.25031697157,186644.089295417,1049.65121720568,1153.88718423469,0.304152922641678,0.484203155068113,4
"194","UT","Gly-AMC","PEEC2015","killed","TW2015",1115.87967183227,15177.2511394713,367.364766302949,186.165717485643,0.0934400119886505,0.821851011863138,4
"195","UT","Gly-AMC","PEEC2015","live","AC",14138.2828175027,69973.1607257204,5632.42620435133,4732.33059605101,0.0260841096544179,0.326456138501208,15
"196","UT","Gly-AMC","PEEC2015","live","BB1",50325.0505857399,61409.7197557876,652.663704749097,801.938963886526,2.88038607819922e-28,0.996313373638377,24
"197","UT","Gly-AMC","PEEC2015","live","BB2",108260.207156309,96565.4767733835,3199.01207083553,3825.83357666921,4.61985215621773e-14,0.988776315312308,15
"198","UT","Gly-AMC","PEEC2015","live","BS2015",45113.0823807647,136518.754237288,3699.15544922705,1832.94810349709,5.70435472015904e-06,0.955050532420833,9
"199","UT","Gly-AMC","PEEC2015","live","FP2015",64479.3743179337,182797.56311386,16603.737437635,18126.2748037554,0.00304192454134498,0.601291690378699,12
"200","UT","Gly-AMC","PEEC2015","live","TW2015",3246.87940302903,20983.3931367977,6533.16110323187,3273.37885356191,0.629944004101835,0.0241040000086632,12
"201","UT","Gly-AMC","TN2015","killed","DOUGLAS",12476.9378842739,127378.363029681,1348.11055130496,1420.29297892897,0.000757799551295873,0.955385735891904,6
"202","UT","Gly-AMC","TN2015","killed","DOUGLAS2",5796.39126425379,144917.28974467,1637.53243324046,1680.18949501535,0.0240196654092407,0.758009180081717,6
"203","UT","Gly-AMC","TN2015","killed","EASTMAN",7266.49139401003,128430.229886808,652.781947221409,670.301903488857,0.000370606431460503,0.968728493132584,6
"204","UT","Gly-AMC","TN2015","killed","EBFISH",17432.4051428571,122880.20887619,2399.43097314383,2487.99725289701,0.00190634294728027,0.929556988896487,6
"205","UT","Gly-AMC","TN2015","killed","GSMIT",4021.53183279741,120219.787411576,830.743630191387,858.472303420949,0.00839471023376334,0.854196256795576,6
"206","UT","Gly-AMC","TN2015","killed","HESLER",14380.6608827586,131246.332234943,2083.53309508556,2172.03629343877,0.00231089240485832,0.922538219536456,6
"207","UT","Gly-AMC","TN2015","killed","IJAMS",8655.06017964069,137532.018188623,556.767633780038,542.061365357431,9.99722816426049e-05,0.983716870069236,6
"208","UT","Gly-AMC","TN2015","killed","LECONTEMID",10670.3855105498,118444.284401663,1313.09153142323,1199.18243365948,0.00124735448282379,0.942885208676023,6
"209","UT","Gly-AMC","TN2015","killed","LECONTEPEAK",18244.784620625,109488.501021318,4659.30787763586,4547.19256521868,0.017309304878508,0.793102725643975,6
"210","UT","Gly-AMC","TN2015","killed","SISBP",16397.731488138,136001.90174335,3415.07893462043,3438.24189203146,0.00863826975541947,0.852153289144013,6
"211","UT","Gly-AMC","TN2015","killed","SPP",4422.19652148492,116432.442956738,548.881993034016,559.55262124018,0.00128877526633021,0.941954090920391,6
"212","UT","Gly-AMC","TN2015","killed","THIRDCREEK",9063.58677600433,127281.411424063,1173.43745491936,1199.31010372341,0.00151270535463591,0.937165795762313,6
"213","UT","Gly-AMC","TN2015","killed","TNRIV",11085.4062857143,113407.757885714,1494.51185790309,1549.67633514082,0.00176306463450804,0.9322240236331,6
"214","UT","Gly-AMC","TN2015","killed","TNRIV2",8993.67531880779,126416.515351357,1120.44367039351,1150.51515780058,0.00130710642478305,0.941546894209313,6
"215","UT","Gly-AMC","TN2015","killed","WATERPLANT",6695.16693165393,126734.939416168,524.369676129267,510.519156196064,0.000216820980103414,0.976051137996538,6
"216","UT","Gly-AMC","TN2015","killed","WFPC",6695.16693165393,126734.939416168,524.369676129267,510.519156196064,0.000216820980103414,0.976051137996538,6
"217","UT","Gly-AMC","TN2015","live","DOUGLAS",43222.5074378653,131761.593526302,1105.75248468532,1157.03533154184,2.62447561873618e-17,0.989636850259395,18
"218","UT","Gly-AMC","TN2015","live","DOUGLAS2",33000.3654726918,133357.007100653,3361.45066600211,3442.25909608422,3.54805617434637e-08,0.857625094987349,18
"219","UT","Gly-AMC","TN2015","live","EASTMAN",25711.9045326604,130884.776702794,4170.7866806421,4254.39423986705,1.35910359035745e-05,0.703727199873107,18
"220","UT","Gly-AMC","TN2015","live","EBFISH",50626.0394990386,126146.295392491,3634.55785916805,3735.29950155868,2.30793433678981e-10,0.92381649305323,18
"221","UT","Gly-AMC","TN2015","live","GSMIT",18133.7415229607,113904.776697023,2779.41277407387,2848.80393832056,7.00594611559278e-06,0.726806646535571,18
"222","UT","Gly-AMC","TN2015","live","HESLER",37307.1656324992,132015.999064758,3989.12030328048,4132.77079935967,6.9167066286277e-08,0.845357112321179,18
"223","UT","Gly-AMC","TN2015","live","IJAMS",18649.9965508765,166725.668669257,12429.1102323615,12025.2191641684,0.152956933701467,0.123361088635821,18
"224","UT","Gly-AMC","TN2015","live","LECONTEMID",17183.9838162331,121943.020441189,2029.25593585445,1826.26075054751,2.63144616192459e-07,0.817578718957706,18
"225","UT","Gly-AMC","TN2015","live","LECONTEPEAK",18484.9337158256,115923.845182875,2947.00636840528,2845.00659583724,1.11238536820988e-05,0.710896801560906,18
"226","UT","Gly-AMC","TN2015","live","SISBP",24239.3264035688,135536.480423683,2249.3042766418,2253.24058598033,9.61178136095003e-09,0.87890719811495,18
"227","UT","Gly-AMC","TN2015","live","SPP",15817.8595513921,115955.405488274,1442.71166857107,1458.78583637484,7.52298847833765e-09,0.882533306143904,18
"228","UT","Gly-AMC","TN2015","live","THIRDCREEK",23005.603453289,122187.628549383,966.058217480888,979.008726792425,6.38953936707099e-14,0.972560515049311,18
"229","UT","Gly-AMC","TN2015","live","TNRIV",69022.9053909387,111859.090943308,1113.86799087003,1144.02243534395,1.7292664333348e-20,0.995850506328838,18
"230","UT","Gly-AMC","TN2015","live","TNRIV2",29437.2707269727,130001.689326518,1585.96376542228,1617.75598343755,3.01586474492928e-12,0.955619086659938,18
"231","UT","Gly-AMC","TN2015","live","WATERPLANT",24206.9722889149,133271.693707243,2353.15522949252,2276.68810018914,1.85019715285321e-08,0.868661838293216,18
"232","UT","Gly-AMC","TN2015","live","WFPC",24206.9722889149,133271.693707243,2353.15522949252,2276.68810018914,1.85019715285321e-08,0.868661838293216,18
"233","UT","Leu-AMC","PEEC2013","killed","BS",63.8181107173777,1847.07250035978,239.835266245814,299.142265878127,0.792118442118821,0.00252235922321001,30
"234","UT","Leu-AMC","PEEC2013","killed","EC",77.2988613878635,1362.06790729972,179.205177693938,302.532422635059,0.67134092882516,0.0102307282349638,20
"235","UT","Leu-AMC","PEEC2013","killed","FP",62932.1739130435,-14744.8260869565,10608.0283254119,2814.96112887708,0.000348756331500509,0.814791696180175,10
"236","UT","Leu-AMC","PEEC2013","killed","FP2",59314.8695652174,-13773.1304347826,10921.8524424682,2898.23793241853,0.000622714208825163,0.786632865622054,10
"237","UT","Leu-AMC","PEEC2013","killed","LL",102.890491363408,2217.66085303818,288.225606190125,441.567693924897,0.724103189944632,0.00507150921343577,27
"238","UT","Leu-AMC","PEEC2013","live","BS",65952.4338089164,62528.7325860944,21378.3554644011,31864.2398088826,0.00806907460466465,0.404693181256309,16
"239","UT","Leu-AMC","PEEC2013","live","EC",2353.16572979444,2430.20520901751,489.876408451628,813.550936934933,0.000142278398068187,0.561771721166135,20
"240","UT","Leu-AMC","PEEC2013","live","FP",791969.47826087,-141304.047826087,307252.278532268,66196.0517474681,0.0327389421411813,0.453699485816943,10
"241","UT","Leu-AMC","PEEC2013","live","FP2",615781.304347826,-110948.530434783,243938.831838658,52555.4687917892,0.0355682902605172,0.443370816774468,10
"242","UT","Leu-AMC","PEEC2013","live","LL",4419.80221345533,2905.24483225682,1306.94939959127,2175.74802283256,0.00332296274958327,0.38851151817672,20
"243","UT","Leu-AMC","PEEC2015","killed","AC",-7291.93595342067,70128.4874332848,2331.49822255076,2009.16595350203,0.0521636283789762,0.765289923013802,5
"244","UT","Leu-AMC","PEEC2015","killed","BB1",-30764.0879689521,208347.674967658,51366.839408427,64325.4450976185,0.571137256843464,0.0564098014062673,8
"245","UT","Leu-AMC","PEEC2015","killed","BB2",7408.75255873636,51769.3261739635,2924.14991044772,3135.32799352087,0.126815075937572,0.762451911609908,4
"246","UT","Leu-AMC","PEEC2015","killed","BS2015",-83.1818181818385,144979.712121212,594.408345324786,313.071781771825,0.911485906425054,0.0192072100593948,3
"247","UT","Leu-AMC","PEEC2015","killed","FP2015",1044.63588986765,147939.859152331,5581.01778088558,6214.23628670002,0.868790407495859,0.0172159571651027,4
"248","UT","Leu-AMC","PEEC2015","killed","TW2015",-143.217866909754,27520.5045578851,238.685381734781,124.311324833518,0.609417925825676,0.152554356666317,4
"249","UT","Leu-AMC","PEEC2015","live","AC",27802.6833748711,73045.6118780079,4491.33394045978,3839.48977929259,3.26930579341776e-05,0.746686246320905,15
"250","UT","Leu-AMC","PEEC2015","live","BB1",570727.484047833,156755.47481724,7576.78048638163,9455.88017235257,4.80792780754907e-28,0.996137630105202,24
"251","UT","Leu-AMC","PEEC2015","live","BB2",643737.476126429,73128.4437073687,14416.572549185,16876.3648476725,1.03685712279771e-14,0.994017513324874,14
"252","UT","Leu-AMC","PEEC2015","live","BS2015",258189.708074534,189742.105279503,4739.62277712672,2454.46120121238,1.84172868107664e-10,0.997646660977788,9
"253","UT","Leu-AMC","PEEC2015","live","FP2015",210356.096446906,176122.599943409,8438.28892613576,9367.14123023087,2.46782793769434e-10,0.984163262211042,12
"254","UT","Leu-AMC","PEEC2015","live","TW2015",17985.2052516191,37711.9738427034,3833.659452735,1966.50288593232,0.000852629993152772,0.68758955924017,12
"255","UT","Leu-AMC","TN2015","killed","DOUGLAS",1865.4185043668,108645.715012737,818.981742771388,877.977175895618,0.0849992576291667,0.564651893560728,6
"256","UT","Leu-AMC","TN2015","killed","DOUGLAS2",2650.37039167079,116366.687100645,772.263224744318,803.212881398547,0.0264882114564442,0.746487186693734,6
"257","UT","Leu-AMC","TN2015","killed","EASTMAN",1112.91347461802,104276.954283391,425.641234905758,443.078237317581,0.0591289219058915,0.630877983012027,6
"258","UT","Leu-AMC","TN2015","killed","EBFISH",2069.05882966824,109167.894210213,219.942675795466,231.264452638458,0.000711655401618138,0.956755175225052,6
"259","UT","Leu-AMC","TN2015","killed","GSMIT",549.776451453895,104798.538154263,583.870581361839,613.270026670663,0.399707960472374,0.181438827094817,6
"260","UT","Leu-AMC","TN2015","killed","HESLER",2194.1599088111,99735.000525248,529.110062038581,560.870993331143,0.0142963409003483,0.811291166936878,6
"261","UT","Leu-AMC","TN2015","killed","IJAMS",1193.90135246747,112217.644443527,543.343414000235,536.508633573585,0.0929295818458566,0.546908114424616,6
"262","UT","Leu-AMC","TN2015","killed","LECONTEMID",1145.11148325356,102301.812671451,796.974161350347,741.30815634135,0.224127305336698,0.340419729354197,6
"263","UT","Leu-AMC","TN2015","killed","LECONTEPEAK",-182.639012099733,101837.685490874,460.432110235174,458.263398145134,0.711864185832577,0.0378477193117989,6
"264","UT","Leu-AMC","TN2015","killed","SISBP",1507.79953087124,115662.400405275,590.990939848292,603.378627883768,0.0632177119593485,0.619379998676051,6
"265","UT","Leu-AMC","TN2015","killed","SPP",1332.08017197155,105638.233628258,820.732822927275,849.688624608798,0.179902680938932,0.397068318579125,6
"266","UT","Leu-AMC","TN2015","killed","THIRDCREEK",1433.58249694003,99652.967127703,471.939899277817,491.105650308615,0.0384912052790503,0.697593837078128,6
"267","UT","Leu-AMC","TN2015","killed","TNRIV",1737.41742857139,107427.496271429,470.826824151398,494.783182360666,0.0210161305498862,0.772948410062384,6
"268","UT","Leu-AMC","TN2015","killed","TNRIV2",559.51812715619,111122.740755052,461.274721988225,480.171501200894,0.291869528714516,0.268915844417329,6
"269","UT","Leu-AMC","TN2015","killed","WATERPLANT",2566.90196159401,113556.044498245,474.904629027015,468.930748090275,0.00567295627256223,0.879572449991893,6
"270","UT","Leu-AMC","TN2015","killed","WFPC",2566.90196159401,113556.044498245,474.904629027015,468.930748090275,0.00567295627256223,0.879572449991893,6
"271","UT","Leu-AMC","TN2015","live","DOUGLAS",147742.993684163,118669.086742732,1448.26557952651,1544.38702364354,6.06008128810813e-24,0.998464904440479,18
"272","UT","Leu-AMC","TN2015","live","DOUGLAS2",126093.023043468,124263.784836966,3122.83248061483,3244.80938280862,1.56940291918063e-17,0.990281618085383,18
"273","UT","Leu-AMC","TN2015","live","EASTMAN",38348.2727433846,110863.934531446,841.276859400528,869.978774602908,2.29075004967945e-18,0.992358565819423,18
"274","UT","Leu-AMC","TN2015","live","EBFISH",268883.51332337,113132.878021165,13628.9360779982,14265.6443311742,1.18092119846191e-12,0.960516086975734,18
"275","UT","Leu-AMC","TN2015","live","GSMIT",22780.1277207436,110592.272467864,483.33686011129,505.025559433433,1.34774511854259e-18,0.992848608766841,18
"276","UT","Leu-AMC","TN2015","live","HESLER",244122.388557517,172730.214456617,29324.7783378226,30866.5638860206,3.2966358404524e-07,0.812431118942617,18
"277","UT","Leu-AMC","TN2015","live","IJAMS",50986.8990771276,114567.328251116,2364.2175322472,2321.56510446074,2.98349029799151e-13,0.966742584254159,18
"278","UT","Leu-AMC","TN2015","live","LECONTEMID",2857.6212373383,104250.916212312,294.092907050946,270.694395540057,4.09096388607054e-08,0.855091933094061,18
"279","UT","Leu-AMC","TN2015","live","LECONTEPEAK",3373.10303381195,109486.140232747,3355.70118000488,3305.4555628341,0.329768108787213,0.0593988678925872,18
"280","UT","Leu-AMC","TN2015","live","SISBP",128385.234898231,139373.930142625,1239.91524179169,1260.65577683062,4.777446894734e-24,0.998509863066481,18
"281","UT","Leu-AMC","TN2015","live","SPP",35449.6942623484,115779.027522723,1045.52892015024,1073.6447713222,2.490461906868e-16,0.986273355197523,18
"282","UT","Leu-AMC","TN2015","live","THIRDCREEK",57010.6559102125,115060.229834037,1075.47140813009,1110.17950991998,2.07832305394801e-19,0.994338391258309,18
"283","UT","Leu-AMC","TN2015","live","TNRIV",407722.173844524,109537.477934478,8423.00941623278,8807.25388199434,8.81809674180611e-19,0.993217803186222,18
"284","UT","Leu-AMC","TN2015","live","TNRIV2",110673.183950769,121397.788398359,1690.01779028974,1747.67627306552,7.16837359467742e-21,0.996282932761494,18
"285","UT","Leu-AMC","TN2015","live","WATERPLANT",73751.6474474014,121932.649160865,3321.72163934299,3261.7950503484,1.89978341306769e-13,0.968563716403233,18
"286","UT","Leu-AMC","TN2015","live","WFPC",73751.6474474014,121932.649160865,3321.72163934299,3261.7950503484,1.89978341306769e-13,0.968563716403233,18
"287","UT","Pyr-AMC","PEEC2013","killed","BS",-57.6829069855426,3287.85934212518,891.625328223018,1466.15793161302,0.949271867050848,0.000278944025684859,17
"288","UT","Pyr-AMC","PEEC2013","killed","EC",32.3852512471576,2469.20443931331,321.123086858163,559.476282729387,0.920784415058498,0.000564720628385151,20
"289","UT","Pyr-AMC","PEEC2013","killed","FP",121917.652173913,-41353.1130434781,18026.4630662956,6584.39029358774,0.000143096172582588,0.85113975546268,10
"290","UT","Pyr-AMC","PEEC2013","killed","FP2",126590.434782608,-43072.608695652,19564.6957297602,7146.24894446937,0.000194084567965484,0.839568223341155,10
"291","UT","Pyr-AMC","PEEC2013","killed","LL",76.4883166767433,3884.07592322557,496.699124572561,879.382784509702,0.879540672779706,0.00147992679912122,18
"292","UT","Pyr-AMC","PEEC2013","live","BS",61.2474228202485,3432.40192542456,442.677790668921,574.320423339573,0.890985285662108,0.000708481652358123,29
"293","UT","Pyr-AMC","PEEC2013","live","EC",30.7390363502076,2704.40414851809,349.114768895003,598.730132273669,0.930810309315417,0.000430511284830966,20
"294","UT","Pyr-AMC","PEEC2013","live","FP",94998.7826086957,-26382.1565217391,24407.7302096828,7695.85706580969,0.00459519878832382,0.654411325067858,10
"295","UT","Pyr-AMC","PEEC2013","live","FP2",92529.7391304348,-25785.747826087,25767.154818645,8124.48919966402,0.00707424352225593,0.617137852966263,10
"296","UT","Pyr-AMC","PEEC2013","live","LL",137.629752167859,3218.52291997199,362.668432052544,567.291395912617,0.707185590309418,0.00511704346457787,30
"297","UT","Pyr-AMC","PEEC2015","killed","AC",-4568.89581478184,87884.9532502226,5099.55027236259,4466.92013380124,0.43630456806992,0.211088965159714,5
"298","UT","Pyr-AMC","PEEC2015","killed","BB1",6213.52996768765,193423.444263431,386.175973165555,489.500155606995,3.66317235169456e-06,0.977348630533936,8
"299","UT","Pyr-AMC","PEEC2015","killed","BB2",5440.86740924398,85764.0223883359,967.547699515901,1203.76656382887,0.0111205371194061,0.913350290646054,5
"300","UT","Pyr-AMC","PEEC2015","killed","BS2015",-1622.05479452077,196452.280821918,2647.19052877354,1445.66838949052,0.650025464858861,0.272969110500507,3
"301","UT","Pyr-AMC","PEEC2015","killed","FP2015",34937.3229487412,199616.39884079,19594.7361458468,22356.9461179588,0.21652667179435,0.613830456009637,4
"302","UT","Pyr-AMC","PEEC2015","killed","TW2015",3361.88721635587,53402.1428892384,712.280453893811,379.279588123951,0.0420757821211876,0.917618807198735,4
"303","UT","Pyr-AMC","PEEC2015","live","AC",5218.19934282586,86982.6438116101,4219.15374652551,3666.27853673996,0.23804346953085,0.105277515608163,15
"304","UT","Pyr-AMC","PEEC2015","live","BB1",15038.9297309282,211000.598977717,876.839824683541,1107.58287386188,3.21874554905214e-14,0.930416427307087,24
"305","UT","Pyr-AMC","PEEC2015","live","BB2",18577.6003413012,105976.803226389,2090.29928060786,2575.05239505009,6.94104728703083e-07,0.858677546165718,15
"306","UT","Pyr-AMC","PEEC2015","live","BS2015",-2465.50516424633,205891.679156636,7011.21733708899,3759.34648011066,0.735447146930743,0.0173588865353357,9
"307","UT","Pyr-AMC","PEEC2015","live","FP2015",8180.53818418852,216057.212442199,4855.97633738917,5485.35892841721,0.122962570448925,0.221061771988297,12
"308","UT","Pyr-AMC","PEEC2015","live","TW2015",-1542.48035803086,55354.4981601194,8386.64529518264,4418.67654774733,0.857751396732209,0.00337129012059012,12
"309","UT","Pyr-AMC","TN2015","killed","DOUGLAS",336.930918470331,143584.742405518,1054.99847515187,1150.57639774185,0.765432300733372,0.0248646849842243,6
"310","UT","Pyr-AMC","TN2015","killed","DOUGLAS2",-743.119751609746,148708.378664648,1050.66096291005,1111.01842564433,0.518417352659064,0.111161701237497,6
"311","UT","Pyr-AMC","TN2015","killed","EASTMAN",-4272.14878122179,146101.6039031,2164.3687404522,2288.18429293171,0.11964023843238,0.493420881474138,6
"312","UT","Pyr-AMC","TN2015","killed","EBFISH",-3455.07448855305,145267.415710309,1063.72067216756,1143.57988821008,0.0314320472986849,0.725089202229782,6
"313","UT","Pyr-AMC","TN2015","killed","GSMIT",-411.799191720079,139783.572045835,789.805542565146,840.743510565442,0.629629049015798,0.0636377108246729,6
"314","UT","Pyr-AMC","TN2015","killed","HESLER",3799.42122251356,128873.45738955,362.396224732255,391.875102079007,0.000467868929291482,0.964886925809187,6
"315","UT","Pyr-AMC","TN2015","killed","IJAMS",-4865.77974220121,150643.692949686,1726.8446124012,1737.08736156938,0.0479386404298075,0.664980272558072,6
"316","UT","Pyr-AMC","TN2015","killed","LECONTEMID",516.041651031844,123692.431679175,1642.89586847772,1547.0804689368,0.769141359013574,0.0240717322109044,6
"317","UT","Pyr-AMC","TN2015","killed","LECONTEPEAK",-2761.95423316207,129978.669954017,2469.63022735181,2497.08940952467,0.326037507325371,0.238203472727742,6
"318","UT","Pyr-AMC","TN2015","killed","SISBP",582.193226716811,141253.622649734,530.146207151844,549.809301209516,0.333791328016781,0.231654007965622,6
"319","UT","Pyr-AMC","TN2015","killed","SPP",-113.501142478095,138051.991852043,207.551548719275,218.582464973421,0.613552681058149,0.0695625807902105,6
"320","UT","Pyr-AMC","TN2015","killed","THIRDCREEK",-1794.47821004757,146265.452030849,1145.31265697933,1222.23836255661,0.192225980791369,0.380312718475835,6
"321","UT","Pyr-AMC","TN2015","killed","TNRIV",-941.007539021275,141136.879028283,1487.16649314998,1590.4687686294,0.561262866998774,0.0909865770100805,6
"322","UT","Pyr-AMC","TN2015","killed","TNRIV2",-3150.25061691246,141612.380555221,1520.77523635456,1607.77317832588,0.107050923881726,0.517550087940535,6
"323","UT","Pyr-AMC","TN2015","killed","WATERPLANT",-4651.16540309665,152291.604214273,1509.37513944757,1518.32797217093,0.0368771310675278,0.703610353001685,6
"324","UT","Pyr-AMC","TN2015","killed","WFPC",-4651.16540309665,152291.604214273,1509.37513944757,1518.32797217093,0.0368771310675278,0.703610353001685,6
"325","UT","Pyr-AMC","TN2015","live","DOUGLAS",3525.96838791026,136400.793587671,993.311048616254,1075.25889151303,0.00266813222982846,0.440568379542244,18
"326","UT","Pyr-AMC","TN2015","live","DOUGLAS2",-809.84820693384,148210.345059548,1438.78658341713,1518.61399328487,0.581326368174434,0.0194168569747446,18
"327","UT","Pyr-AMC","TN2015","live","EASTMAN",-2964.4517762237,141463.068108288,3739.32670019563,3925.93579344542,0.439505745161607,0.0377962758140717,18
"328","UT","Pyr-AMC","TN2015","live","EBFISH",-1859.9357616258,143229.03837629,1739.96567268752,1854.02404115096,0.300954892870112,0.0666555757110525,18
"329","UT","Pyr-AMC","TN2015","live","GSMIT",854.95385790721,133266.840929604,972.518361632399,1031.41951550339,0.392351716574652,0.0460768862017713,18
"330","UT","Pyr-AMC","TN2015","live","HESLER",5030.47166786743,130168.760341519,723.131508663594,773.022818324825,3.2336967364119e-06,0.751525915218042,18
"331","UT","Pyr-AMC","TN2015","live","IJAMS",-1869.09927246725,142280.856248269,1348.60141718047,1342.13426815733,0.184775272864893,0.107186101011092,18
"332","UT","Pyr-AMC","TN2015","live","LECONTEMID",-816.731591872902,130250.005599877,1543.28835611742,1444.03410762182,0.603921735461518,0.0172031635333398,18
"333","UT","Pyr-AMC","TN2015","live","LECONTEPEAK",1924.28688938507,127225.063592372,1005.47978309006,1004.63376901962,0.0737078223679611,0.186273625062618,18
"334","UT","Pyr-AMC","TN2015","live","SISBP",11055.9056107313,142828.365368388,1641.60008382402,1693.90352648182,4.79212018645038e-06,0.739235314935519,18
"335","UT","Pyr-AMC","TN2015","live","SPP",1065.63837969741,142147.502422266,583.510402354931,608.279167436653,0.0865304296161508,0.172493893881416,18
"336","UT","Pyr-AMC","TN2015","live","THIRDCREEK",-709.630363748481,144276.792327374,1282.58103308687,1351.50838792284,0.587718126224932,0.0187734487732705,18
"337","UT","Pyr-AMC","TN2015","live","TNRIV",2898.48422644769,131970.020989628,886.115990541005,941.41377521421,0.00480392704253239,0.400736321990719,18
"338","UT","Pyr-AMC","TN2015","live","TNRIV2",1446.93479476866,137101.964872433,1379.50365372479,1448.34704361712,0.309819153924372,0.064335735574528,18
"339","UT","Pyr-AMC","TN2015","live","WATERPLANT",2042.44305609152,138288.549279391,940.247542424607,935.738633492703,0.0452112852114996,0.227747994953872,18
"340","UT","Pyr-AMC","TN2015","live","WFPC",2042.44305609152,138288.549279391,940.247542424607,935.738633492703,0.0452112852114996,0.227747994953872,18
"341","UT","GGR-AMC","PEEC2013","killed","BS",-114.734283965326,3714.27646885213,528.648980982933,807.221019354845,0.830765929716991,0.00276312814669178,19
"342","UT","GGR-AMC","PEEC2013","killed","EC",-24.4348932417962,2651.89421931095,269.61305371532,484.501900832938,0.928787914115818,0.000456108772453126,20
"343","UT","GGR-AMC","PEEC2013","killed","FP",124548,-54347.6,16105.4354313935,7492.34596092984,5.56934911952211e-05,0.88201246309523,10
"344","UT","GGR-AMC","PEEC2013","killed","FP2",120419.130434783,-52440.695652174,16141.3004538131,7509.03058625455,7.19359744464103e-05,0.874324985028339,10
"345","UT","GGR-AMC","PEEC2013","killed","LL",73.3723218982987,3845.29926664006,721.622101721588,1432.19382122263,0.920276435680533,0.000645720191699724,18
"346","UT","GGR-AMC","PEEC2013","live","BS",31577.9995394181,16456.3924157519,14837.1272332402,26006.644106761,0.0591895743587374,0.311754616496653,12
"347","UT","GGR-AMC","PEEC2013","live","EC",990.424767644273,3379.62576802602,554.126733506212,980.561227255149,0.0907295301043051,0.150729515871973,20
"348","UT","GGR-AMC","PEEC2013","live","FP",189625.217391304,-71463.5652173913,21805.8334055453,9054.45494671917,2.38383658160296e-05,0.904331126046654,10
"349","UT","GGR-AMC","PEEC2013","live","FP2",189998.52173913,-72889.2565217391,30338.1016539593,12597.3160248443,0.000242353190519592,0.830585463017264,10
"350","UT","GGR-AMC","PEEC2013","live","LL",462.018957985746,3171.36588638286,430.864961622379,705.536654251467,0.292738299659553,0.0394458271860348,30
"351","UT","GGR-AMC","PEEC2015","killed","AC",7208.97602397604,134424.667982018,7104.46541605773,6294.34965395698,0.384964084189298,0.255516160753316,5
"352","UT","GGR-AMC","PEEC2015","killed","BB1",2370.25170752948,206295.540341234,395.908444904715,508.184256287073,0.000975684825721829,0.856605440656504,8
"353","UT","GGR-AMC","PEEC2015","killed","BB2",8034.52847667395,90433.053284915,5316.15838849325,6709.85866646614,0.227879192294821,0.432264608128432,5
"354","UT","GGR-AMC","PEEC2015","killed","BS2015",8971.36363636356,195850.840909091,4806.44099100368,2732.66668064368,0.313114926983207,0.776981461332374,3
"355","UT","GGR-AMC","PEEC2015","killed","FP2015",-6095.28497409337,273087.562176166,14492.5537221807,12024.6799951909,0.74654809999314,0.150301420327164,3
"356","UT","GGR-AMC","PEEC2015","killed","TW2015",-7906.98268003646,43570.8167730173,2553.46716875153,1402.79397921371,0.0903745212603115,0.827418511572407,4
"357","UT","GGR-AMC","PEEC2015","live","AC",47824.7886074702,129282.024506422,6826.00015808408,6040.14236569324,9.25416922372128e-06,0.790619076407407,15
"358","UT","GGR-AMC","PEEC2015","live","BB1",185943.354236715,229747.940520861,2111.83729731477,2702.35189217453,1.56901310492537e-29,0.997170227162674,24
"359","UT","GGR-AMC","PEEC2015","live","BB2",109081.509847916,76535.5136386069,14230.5490109172,17799.4617177771,3.55902477571176e-06,0.818832786144803,15
"360","UT","GGR-AMC","PEEC2015","live","BS2015",89105.6100023298,217414.583443349,15478.1802994643,8611.8778794618,0.000693516046477388,0.82561626096744,9
"361","UT","GGR-AMC","PEEC2015","live","FP2015",111048.891893133,288763.648309603,6854.44956703693,7893.16480397216,1.66432929764319e-08,0.963299006194751,12
"362","UT","GGR-AMC","PEEC2015","live","TW2015",165990.520196452,63200.6753533127,20484.538497123,11072.5690822723,1.05225227172331e-05,0.867833284079306,12
"363","UT","GGR-AMC","TN2015","killed","DOUGLAS",9801.15953796116,187936.692321409,868.118233436615,958.995275129969,0.000350733703688957,0.969574072653876,6
"364","UT","GGR-AMC","TN2015","killed","DOUGLAS2",8301.81524444552,192885.488761357,703.644460964357,754.103622914482,0.000295361361208566,0.972067060748078,6
"365","UT","GGR-AMC","TN2015","killed","EASTMAN",565.33584392007,219738.72380974,730.051754703028,781.663140517471,0.481933190539978,0.130370679247208,6
"366","UT","GGR-AMC","TN2015","killed","EBFISH",4556.7692582929,190065.692281774,755.905149983223,827.10964607565,0.00381628925074221,0.900841713718817,6
"367","UT","GGR-AMC","TN2015","killed","GSMIT",-2171.46280143669,179519.974757996,832.716512972837,901.272892607678,0.0595646946040321,0.629630446608422,6
"368","UT","GGR-AMC","TN2015","killed","HESLER",56747.9708758925,166714.801858899,949.421097256922,1036.54195416269,4.69218825700243e-07,0.998881615619436,6
"369","UT","GGR-AMC","TN2015","killed","IJAMS",-1057.39120257648,237633.182448878,1138.35681150386,1156.11059629692,0.405532124110146,0.177430130014581,6
"370","UT","GGR-AMC","TN2015","killed","LECONTEMID",-865.052757973829,210308.449752345,1527.0612842121,1459.68504731765,0.601339165950983,0.0742673372204788,6
"371","UT","GGR-AMC","TN2015","killed","LECONTEPEAK",1584.21680485085,196168.649413439,1715.22784825636,1757.12050011108,0.407957338150849,0.175779763266931,6
"372","UT","GGR-AMC","TN2015","killed","SISBP",543.852276862235,187490.155583388,380.968650267609,400.948263509566,0.226597989679534,0.337518296619711,6
"373","UT","GGR-AMC","TN2015","killed","SPP",2465.38312781948,179402.035466166,1195.1625783091,1280.63672309121,0.108108552323736,0.515453984620661,6
"374","UT","GGR-AMC","TN2015","killed","THIRDCREEK",-443.495701685265,129687.877920744,541.428726604429,588.107526969893,0.45871339544388,0.143644879353929,6
"375","UT","GGR-AMC","TN2015","killed","TNRIV",-1699.50759635079,177924.620338857,335.264951218224,364.505173491338,0.00713467376508972,0.865302901711385,6
"376","UT","GGR-AMC","TN2015","killed","TNRIV2",448.566243194169,178407.580943739,1148.2433571613,1229.4190142754,0.715966055435022,0.0367505685462122,6
"377","UT","GGR-AMC","TN2015","killed","WATERPLANT",8244.50084046812,194760.975111932,2384.86085415853,2422.05508529786,0.0258881413823649,0.74923132951459,6
"378","UT","GGR-AMC","TN2015","killed","WFPC",8244.50084046812,194760.975111932,2384.86085415853,2422.05508529786,0.0258881413823649,0.74923132951459,6
"379","UT","GGR-AMC","TN2015","live","DOUGLAS",539026.604318983,150847.952273244,11508.2783572512,12669.2735680708,1.48804407523614e-18,0.992759569672331,18
"380","UT","GGR-AMC","TN2015","live","DOUGLAS2",1165625.76198043,57460.508299383,37639.2094591152,40269.1984540222,1.04007749360368e-15,0.983590437871707,18
"381","UT","GGR-AMC","TN2015","live","EASTMAN",15409.7147272403,236644.014201713,1162.38585235556,1238.17856810228,4.79703426628105e-10,0.916556826618606,18
"382","UT","GGR-AMC","TN2015","live","EBFISH",47928.2749803965,197945.282194186,1904.57460612557,2063.45193436944,2.70070039227199e-14,0.97535686754241,18
"383","UT","GGR-AMC","TN2015","live","GSMIT",75711.5004582278,192180.103561015,1146.19854423724,1233.0228665083,6.24619522433251e-21,0.9963463552504,18
"384","UT","GGR-AMC","TN2015","live","HESLER",428125.765689862,199177.035863635,8538.77233735825,9276.99714760901,5.03993741734476e-19,0.99367569526975,18
"385","UT","GGR-AMC","TN2015","live","IJAMS",4399.68954221346,228215.418333563,2392.83858681789,2418.03749603221,0.0845959425622066,0.174439946654817,18
"386","UT","GGR-AMC","TN2015","live","LECONTEMID",5584.16083593654,215750.080027214,817.63115458794,778.381550973633,4.04650378137271e-06,0.744590739838111,18
"387","UT","GGR-AMC","TN2015","live","LECONTEPEAK",8794.61813590201,210912.783306383,8086.0885026163,8205.37687362913,0.292874542877561,0.0688430200129424,18
"388","UT","GGR-AMC","TN2015","live","SISBP",30879.613342262,209534.31804138,5924.74737957329,6214.97350256383,8.55645747857276e-05,0.629326268383226,18
"389","UT","GGR-AMC","TN2015","live","SPP",106836.970084335,204373.318331193,1539.49038775141,1637.8188042508,2.84224665666536e-21,0.996688762119945,18
"390","UT","GGR-AMC","TN2015","live","THIRDCREEK",79004.3552573736,138139.616345501,1271.51816860315,1364.68531833934,1.65665395765658e-20,0.995872691991327,18
"391","UT","GGR-AMC","TN2015","live","TNRIV",15225.4299668556,178272.372372944,1183.17014428168,1276.64213573084,7.42967354510785e-10,0.911891386196085,18
"392","UT","GGR-AMC","TN2015","live","TNRIV2",29969.1507339674,180454.522758559,1190.7370294152,1268.37836771665,2.69441346517164e-14,0.975364035626969,18
"393","UT","GGR-AMC","TN2015","live","WATERPLANT",30423.4719334504,184205.091634345,2031.78505518698,2053.18172081696,7.84400834863492e-11,0.933392624465167,18
"394","UT","GGR-AMC","TN2015","live","WFPC",30423.4719334504,184205.091634345,2031.78505518698,2053.18172081696,7.84400834863492e-11,0.933392624465167,18
"395","MSX","Arg-AMC","PEEC2015","killed","LL2015",70.389547047272,5392.04605254714,19.0781591078421,20.4092589374316,0.010214359400467,0.694075354410447,8
"396","MSX","Arg-AMC","PEEC2015","killed","PP2015",20.6901725431368,5270.69417354338,43.9418647539968,41.527617731707,0.65757157853016,0.0424579582395605,7
"397","MSX","Arg-AMC","PEEC2015","killed","VP",161.84269367355,2861.10669034153,22.0933796348937,20.3695650389703,0.000743229891729467,0.914765055187313,7
"398","MSX","Arg-AMC","PEEC2015","live","LL2015",2510.16819955725,6031.62873428122,27.4635626351067,29.1073218288128,6.91183034978692e-30,0.997373432428295,24
"399","MSX","Arg-AMC","PEEC2015","live","PP2015",3353.96344860889,5332.43783663311,328.041623230246,306.209372350596,3.67794585889542e-09,0.846196541703264,21
"400","MSX","Arg-AMC","PEEC2015","live","VP",7624.50434757151,3408.28240185028,156.20495693889,143.051442787399,1.95875237178092e-21,0.992088290820671,21
"401","MSX","Gly-AMC","PEEC2015","killed","LL2015",270.104650713762,2017.96635215673,161.419907790042,175.442330819707,0.145293845391243,0.318177773480426,8
"402","MSX","Gly-AMC","PEEC2015","killed","PP2015",241.630653266332,4176.26302345059,18.9325927531564,18.1057710220364,5.25343544736776e-05,0.970217893352917,7
"403","MSX","Gly-AMC","PEEC2015","killed","VP",191.59090909091,3442.92045454545,33.4150755815937,31.1411966034312,0.00225987816643807,0.867986571562118,7
"404","MSX","Gly-AMC","PEEC2015","live","LL2015",951.550267820353,2270.96684006318,31.0038574537268,33.4231473633494,1.48727759918389e-19,0.977177453017532,24
"405","MSX","Gly-AMC","PEEC2015","live","PP2015",1680.03283116399,4643.49775304445,28.0406256757993,26.6075371656249,4.08504141229342e-23,0.994734970012893,21
"406","MSX","Gly-AMC","PEEC2015","live","VP",1883.85317717859,3615.38097872047,230.378268202342,213.941195214662,1.20855493251121e-07,0.778727268052058,21
"407","MSX","Leu-AMC","PEEC2015","killed","LL2015",607.872576389155,4378.44525603273,393.41849673878,436.525405469754,0.173274913813018,0.284636729415513,8
"408","MSX","Leu-AMC","PEEC2015","killed","PP2015",154.514360526963,4403.07748956714,25.0718443105658,24.4609871483884,0.00163707997406755,0.883669229700719,7
"409","MSX","Leu-AMC","PEEC2015","killed","VP",93.8629803355592,3462.54327530218,71.4776726816999,67.6285467554646,0.246155478562529,0.256443564692822,7
"410","MSX","Leu-AMC","PEEC2015","live","LL2015",6274.23285136709,7871.42433872405,1240.88365700119,1364.35823221705,4.59788840313536e-05,0.53748266906494,24
"411","MSX","Leu-AMC","PEEC2015","live","PP2015",7009.22648846252,5301.58710736489,91.2260778428397,87.8393743181374,3.68904299345308e-25,0.996791840921058,21
"412","MSX","Leu-AMC","PEEC2015","live","VP",12771.0651120006,4674.25531163762,296.724950288442,279.461318947365,2.09568092782028e-20,0.9898474355182,21
"413","MSX","Pyr-AMC","PEEC2015","killed","LL2015",2034.80821935434,3704.38290508112,1065.10386665829,1199.24407492565,0.104645258947946,0.378222194000634,8
"414","MSX","Pyr-AMC","PEEC2015","killed","PP2015",109.521863000126,4478.9494818118,67.2490457045848,66.6068465476894,0.164326267808361,0.34660519431614,7
"415","MSX","Pyr-AMC","PEEC2015","killed","VP",52.8707378675813,4012.55349088941,301.263259432953,289.310344193948,0.867575191309436,0.00612211417995304,7
"416","MSX","Pyr-AMC","PEEC2015","live","LL2015",-195.063087495117,6844.43528360645,157.913508862475,176.469278402369,0.229766036793389,0.0648584120218266,24
"417","MSX","Pyr-AMC","PEEC2015","live","PP2015",280.225580366497,4513.59122639533,49.6697777210084,48.5245509136419,1.93600848282073e-05,0.626202023547783,21
"418","MSX","Pyr-AMC","PEEC2015","live","VP",361.633182692738,3970.24543976613,47.8572464351104,45.7175584899739,3.86849946118682e-07,0.750330682649862,21
"419","MSX","GGR-AMC","PEEC2015","killed","LL2015",-20.4620427151604,5271.41652569253,15.2144111083366,17.4256858395735,0.227260477882568,0.231634926790575,8
"420","MSX","GGR-AMC","PEEC2015","killed","PP2015",174.160782856438,5610.14790040877,14.3726650073725,14.4392410433759,6.76175778508452e-05,0.96706926269487,7
"421","MSX","GGR-AMC","PEEC2015","killed","VP",112.092365692743,1886.58969525605,23.3614993295793,22.7347540306305,0.00489155221952017,0.821571331400551,7
"422","MSX","GGR-AMC","PEEC2015","live","LL2015",1762.03452613922,6707.54104929643,392.149328803257,446.800453331844,0.000180817179811198,0.478543418823004,24
"423","MSX","GGR-AMC","PEEC2015","live","PP2015",11872.386677498,6296.09569455727,191.39008313053,189.89821068875,2.11788961330034e-23,0.995086654558187,21
"424","MSX","GGR-AMC","PEEC2015","live","VP",6402.22645066685,1773.95064440831,212.568502314075,205.850508491627,1.68168813661899e-17,0.979484276727987,21
