substrate,replicate,treatment,slope,int,slope.se,int.se,pval,rsq,n,calib.slope,calib.se,location,year
Arg-AMC,1,live,3085.359106,3824.445554,1020.669578,1670.301847,0.029319541,0.646337896,7,9.247153815,3.059056744,AC,2015
Arg-AMC,2,live,3006.687884,3902.924495,1038.156191,1700.189092,0.033941383,0.626527384,7,9.011367684,3.111466008,AC,2015
Arg-AMC,3,live,2884.731189,3841.330765,911.7062148,1497.050988,0.024979785,0.666922905,7,8.645850322,2.7324818,AC,2015
Arg-AMC,kill,killed,-338.6300303,5477.046826,205.1515795,337.5465202,0.159725316,0.352716482,7,-1.014910702,0.614861397,AC,2015
Gly-AMC,1,live,1885.0353,4499.953606,1168.932019,1906.612629,0.167746956,0.342150412,7,5.649653983,3.503415262,AC,2015
Gly-AMC,2,live,1847.838522,4707.441184,1150.668958,1881.730922,0.169208142,0.3402699,7,5.53817123,3.4486789,AC,2015
Gly-AMC,3,live,1823.080423,4586.841538,1065.436525,1744.81448,0.147745271,0.369316096,7,5.463968538,3.193228109,AC,2015
Gly-AMC,kill,killed,-373.9815579,5942.146927,334.5546256,551.0608508,0.314444548,0.199947058,7,-1.120863041,1.002696275,AC,2015
Leu-AMC,1,live,26.54532775,5956.985449,779.5996921,1284.660326,0.974154818,0.000231826,7,0.079559209,2.336544311,AC,2015
Leu-AMC,2,live,150.7906695,5862.165707,844.4329381,1395.708709,0.865285061,0.006337058,7,0.45193589,2.530856538,AC,2015
Leu-AMC,3,live,105.8633747,5904.890715,848.7894774,1402.909352,0.905602307,0.003101505,7,0.317283945,2.543913556,AC,2015
Leu-AMC,kill,killed,-10.63838464,5228.82281,188.6316855,311.7771398,0.957209363,0.000635735,7,-0.031884385,0.565349494,AC,2015
Pyr-AMC,1,live,441.6090674,6119.445161,988.5615065,1622.258104,0.673762395,0.038379752,7,1.323549976,2.962825393,AC,2015
Pyr-AMC,2,live,284.0345693,6261.211215,1098.560354,1806.815999,0.806287132,0.013193396,7,0.85128222,3.292503797,AC,2015
Pyr-AMC,3,live,134.1566774,6514.695859,1044.159087,1721.417945,0.902774783,0.003290711,7,0.402082023,3.129457334,AC,2015
Pyr-AMC,kill,killed,-115.1850122,5372.699945,175.8644579,290.9640964,0.541420071,0.079016474,7,-0.345221898,0.527084737,AC,2015
GlyGlyArg-AMC,1,live,1624.870972,5054.266046,1092.100218,1800.244178,0.196954755,0.306871485,7,4.86991345,3.273142072,AC,2015
GlyGlyArg-AMC,2,live,1619.377897,5122.256562,1205.507469,1991.984462,0.236914093,0.265192025,7,4.85345011,3.613035828,AC,2015
GlyGlyArg-AMC,3,live,1524.72437,5192.605602,1146.461467,1895.063556,0.24097553,0.261309975,7,4.569763289,3.436068596,AC,2015
GlyGlyArg-AMC,kill,killed,-160.0922923,5261.884961,239.5318243,395.9383231,0.533517023,0.082012693,7,-0.479813857,0.717902697,AC,2015
Arg-AMC,1,live,11549.55777,84906.89482,4769.006825,3927.157998,0.094017648,0.661594034,5,7.229562515,2.985208062,AC,2015
Arg-AMC,2,live,18767.4258,81807.62471,115.5616211,95.46956712,5.15E-07,0.999886266,5,11.74766002,0.072336966,AC,2015
Arg-AMC,3,live,12543.52958,83376.21165,3676.987222,3042.631324,0.04210865,0.795045311,5,7.851749224,2.301647345,AC,2015
Arg-AMC,kill,killed,-11542.38285,66282.22034,7803.304564,6488.692653,0.23564471,0.421734911,5,-7.225071297,4.884557424,AC,2015
Gly-AMC,1,live,11400.66781,68242.74144,6479.012356,5440.484625,0.176701473,0.507898195,5,7.136363335,4.055603321,AC,2015
Gly-AMC,2,live,5474.098174,68789.31925,2313.590348,1942.742509,0.09885563,0.651091764,5,3.426567123,1.448215281,AC,2015
Gly-AMC,3,live,25563.89694,72794.89812,6041.299574,5081.718977,0.024148744,0.856499052,5,16.00197988,3.781612577,AC,2015
Gly-AMC,kill,killed,24806.81223,71142.03144,15906.31998,13487.58392,0.216764622,0.44773939,5,15.52807504,9.956721888,AC,2015
Leu-AMC,1,live,43291.48734,60940.25391,4154.822575,3534.585053,0.001886706,0.973110462,5,27.0987444,2.600753218,AC,2015
Leu-AMC,2,live,21969.98193,79836.1461,7472.656947,6397.746569,0.060507777,0.742354179,5,13.75233242,4.677585204,AC,2015
Leu-AMC,3,live,18194.71931,78442.10023,7200.066733,6175.570171,0.085647492,0.6803694,5,11.3891686,4.506954602,AC,2015
Leu-AMC,kill,killed,-7291.935953,70128.48743,2331.498223,2009.165954,0.052163628,0.765289923,5,-4.56446107,1.459424896,AC,2015
Pyr-AMC,1,live,3444.779383,91241.67625,8431.42976,7291.277643,0.710273393,0.052708742,5,2.156294499,5.277738744,AC,2015
Pyr-AMC,2,live,5186.515078,87502.73238,9121.832358,7937.6832,0.609417711,0.097279063,5,3.246551576,5.709903234,AC,2015
Pyr-AMC,3,live,7190.31968,82063.0989,6552.528939,5713.197374,0.352679337,0.286418389,5,4.500853336,4.10162177,AC,2015
Pyr-AMC,kill,killed,-4568.895815,87884.95325,5099.550272,4466.920134,0.436304568,0.211088965,5,-2.859946551,3.192115076,AC,2015
GlyGlyArg-AMC,1,live,50850.65742,129501.6113,13491.25552,11928.30119,0.032684605,0.82564772,5,31.83048338,8.444987858,AC,2015
GlyGlyArg-AMC,2,live,43973.69576,138683.5072,14847.83839,13132.855,0.059466438,0.745140882,5,27.52577966,9.29415463,AC,2015
GlyGlyArg-AMC,3,live,48771.36863,119577.2735,1022.964479,906.3167652,2.03E-05,0.998681926,5,30.52893153,0.640334963,AC,2015
GlyGlyArg-AMC,kill,killed,7208.976024,134424.668,7104.465416,6294.349654,0.384964084,0.255516161,5,4.512531463,4.44711199,AC,2015
Arg-AMC,1,live,578307.3839,197679.0616,10483.31331,12641.40333,2.38E-09,0.998032225,8,421.1494611,7.634420506,BB1,2015
Arg-AMC,2,live,584367.4879,178111.9807,21674.24312,26251.2975,1.72E-07,0.991813523,8,425.5627016,15.78415919,BB1,2015
Arg-AMC,3,live,562645.624,178101.7328,12668.87157,15443.41276,8.73E-09,0.99696724,8,409.7438627,9.226042387,BB1,2015
Arg-AMC,kill,killed,3788.998835,152059.8387,465.6212177,570.2935991,0.000185082,0.916919511,8,2.759319459,0.339086324,BB1,2015
Gly-AMC,1,live,51645.48558,62795.6999,271.9621568,333.099677,1.44E-12,0.999833647,8,37.61056667,0.198055081,BB1,2015
Gly-AMC,2,live,49472.28284,60332.69814,297.6189746,365.3332686,3.20E-12,0.999782903,8,36.02794264,0.21673953,BB1,2015
Gly-AMC,3,live,49887.74904,61079.28848,313.928861,387.3291469,4.19E-12,0.999762468,8,36.33050383,0.228617124,BB1,2015
Gly-AMC,kill,killed,1186.677653,50978.37765,198.9559053,247.0174422,0.000994995,0.855684478,8,0.864192068,0.144888643,BB1,2015
Leu-AMC,1,live,575504.9289,163521.0107,10718.7504,13329.48191,2.80E-09,0.99792299,8,419.1085873,7.805876392,BB1,2015
Leu-AMC,2,live,579358.166,154490.1451,11888.386,14846.93677,5.01E-09,0.997479963,8,421.9146879,8.657657666,BB1,2015
Leu-AMC,3,live,557569.5579,152071.4587,12413.04902,15535.95284,8.15E-09,0.997035029,8,406.047243,9.039740891,BB1,2015
Leu-AMC,kill,killed,-30764.08797,208347.675,51366.83941,64325.4451,0.571137257,0.056409801,8,-22.40379326,37.40764399,BB1,2015
Pyr-AMC,1,live,14328.50536,214807.2715,665.1119316,836.3082799,6.53E-07,0.987236779,8,10.4346624,0.484364439,BB1,2015
Pyr-AMC,2,live,15770.49671,206866.4983,567.7768693,717.9456256,1.44E-07,0.992282948,8,11.48478538,0.413480667,BB1,2015
Pyr-AMC,3,live,15044.84001,211295.0759,636.6774255,807.0250883,3.77E-07,0.98936902,8,10.95632952,0.463657152,BB1,2015
Pyr-AMC,kill,killed,6213.529968,193423.4443,386.1759732,489.5001556,3.66E-06,0.977348631,8,4.524972135,0.281230722,BB1,2015
GlyGlyArg-AMC,1,live,193603.5911,219853.537,3996.167615,5100.606567,5.19E-09,0.997450218,8,140.9908473,2.910189087,BB1,2015
GlyGlyArg-AMC,2,live,182201.7776,233283.3391,2844.963706,3644.256737,9.75E-10,0.998539288,8,132.6875336,2.071830595,BB1,2015
GlyGlyArg-AMC,3,live,181941.823,236252.2448,2721.451246,3487.629112,7.53E-10,0.998659383,8,132.498223,1.981883264,BB1,2015
GlyGlyArg-AMC,kill,killed,2370.251708,206295.5403,395.9084449,508.1842563,0.000975685,0.856605441,8,1.726123956,0.288318346,BB1,2015
Arg-AMC,1,live,294872.6603,116944.3678,2695.518122,3141.110809,1.68E-06,0.999749373,5,274.1812756,2.50637206,BB2,2015
Arg-AMC,2,live,290561.5673,113958.328,8674.359466,10218.12708,5.85E-05,0.997333386,5,270.1726945,8.065674658,BB2,2015
Arg-AMC,3,live,304962.4435,118074.9424,6332.70384,7459.729202,1.97E-05,0.998708051,5,283.5630528,5.888334358,BB2,2015
Arg-AMC,kill,killed,10269.30751,71798.79222,2103.594655,2489.056147,0.016433582,0.888192679,5,9.548704278,1.955984205,BB2,2015
Gly-AMC,1,live,104469.3877,94300.02589,1987.164318,2366.125973,1.52E-05,0.998915725,5,97.1387105,1.847723852,BB2,2015
Gly-AMC,2,live,115057.2052,100278.8952,4559.235669,5454.064739,0.000136444,0.99531147,5,106.9835747,4.239311471,BB2,2015
Gly-AMC,3,live,105224.2243,95142.31363,779.5409481,936.0985298,8.97E-07,0.999835375,5,97.84057978,0.72484011,BB2,2015
Gly-AMC,kill,killed,22467.71761,81837.02262,1959.882225,2358.789707,0.001424666,0.977681717,5,20.89114491,1.822356159,BB2,2015
Leu-AMC,1,live,617448.7387,85279.31057,21175.03378,25581.99602,8.86E-05,0.996484088,5,574.1220044,19.68916945,BB2,2015
Leu-AMC,2,live,661452.077,74869.7281,25345.86276,30620.86072,0.000123426,0.995614392,5,615.0376032,23.56732894,BB2,2015
Leu-AMC,3,live,652506.4288,59116.6248,33666.49605,36061.84821,0.002651528,0.994703974,4,606.7196762,31.3040986,BB2,2015
Leu-AMC,kill,killed,7408.752559,51769.32617,2924.14991,3135.327994,0.126815076,0.762451912,4,6.888876117,2.718960624,BB2,2015
Pyr-AMC,1,live,21398.98303,102828.1763,1266.00057,1554.141392,0.00045097,0.989608785,5,19.89740405,1.177164579,BB2,2015
Pyr-AMC,2,live,13774.89426,113909.8689,5619.282822,6934.497565,0.091568377,0.667006091,5,12.80830198,5.224974504,BB2,2015
Pyr-AMC,3,live,20568.53474,101201.8831,1019.32902,1257.906895,0.000266059,0.992685996,5,19.12522879,0.947802114,BB2,2015
Pyr-AMC,kill,killed,5440.867409,85764.02239,967.5476995,1203.766564,0.011120537,0.913350291,5,5.059078604,0.899654319,BB2,2015
GlyGlyArg-AMC,1,live,84122.71064,76599.34357,5060.211931,6301.267723,0.000473815,0.989261509,5,78.2197715,4.70513394,BB2,2015
GlyGlyArg-AMC,2,live,86052.43793,82714.76937,4814.873512,6017.949872,0.000381999,0.990695249,5,80.01408871,4.477011059,BB2,2015
GlyGlyArg-AMC,3,live,155851.7208,71094.79645,6759.331333,8497.990686,0.000178696,0.994388723,5,144.9155156,6.285025154,BB2,2015
GlyGlyArg-AMC,kill,killed,8034.528477,90433.05328,5316.158388,6709.858666,0.227879192,0.432264608,5,7.470740978,4.943120487,BB2,2015
Arg-AMC,1,live,126103.6364,184433.3333,2587.05407,1224.619896,0.013058614,0.999579299,3,95.04788699,1.949936021,BS,2015
Arg-AMC,2,live,129883.6364,180787.3333,947.9041692,448.7043075,0.004646034,0.999946741,3,97.89698019,0.714462255,BS,2015
Arg-AMC,3,live,135302.7273,182224.2879,2516.197446,1223.85028,0.011837725,0.999654279,3,101.9815027,1.896529374,BS,2015
Arg-AMC,kill,killed,-2837.801009,165712.2559,494.4024767,240.6129679,0.109809916,0.970541442,3,-2.1389311,0.372645168,BS,2015
Gly-AMC,1,live,42823.9726,135595.2329,11069.22826,5387.108662,0.161030234,0.93737143,3,32.27764263,8.343191263,BS,2015
Gly-AMC,2,live,42540,136935,2730.341909,1364.159342,0.040804155,0.995897452,3,32.06360442,2.057936129,BS,2015
Gly-AMC,3,live,49703.0137,137084,4104.248612,2052.504294,0.052450165,0.993227475,3,37.46257099,3.093488574,BS,2015
Gly-AMC,kill,killed,-17502.63158,158691.2895,9087.797106,4544.739938,0.304882779,0.787653253,3,-13.19222979,6.849730406,BS,2015
Leu-AMC,1,live,253974.5455,194620.6061,3853.025751,1976.871606,0.009657362,0.999769896,3,191.4278176,2.904134779,BS,2015
Leu-AMC,2,live,254146.0058,187372.5753,3218.579979,1653.388291,0.00806191,0.999839641,3,191.5570521,2.425935008,BS,2015
Leu-AMC,3,live,266342.7273,187163.8182,5999.194161,3159.744341,0.014337016,0.999492911,3,200.750067,4.521762774,BS,2015
Leu-AMC,kill,killed,-83.18181818,144979.7121,594.4083453,313.0717818,0.911485906,0.01920721,3,-0.062696495,0.448022427,BS,2015
Pyr-AMC,1,live,-6388.702235,207853.9304,9709.53716,5121.638113,0.629508855,0.302134329,3,-4.815346056,7.318353518,BS,2015
Pyr-AMC,2,live,-2235,211995.75,2180.02213,1178.280543,0.49207293,0.512450526,3,-1.684582884,1.643144504,BS,2015
Pyr-AMC,3,live,1081.363636,197847.3864,753.4421013,407.2280534,0.387410291,0.673190727,3,0.81505444,0.567890679,BS,2015
Pyr-AMC,kill,killed,-1622.054795,196452.2808,2647.190529,1445.668389,0.650025465,0.272969111,3,-1.2225887,1.995262575,BS,2015
GlyGlyArg-AMC,1,live,87748.63636,201445.9697,4784.396708,2652.676848,0.034676649,0.997035957,3,66.13863575,3.606135483,BS,2015
GlyGlyArg-AMC,2,live,96080.45455,220604.1212,9901.819549,5489.997814,0.065377692,0.989490752,3,72.41856341,7.463282207,BS,2015
GlyGlyArg-AMC,3,live,81906.27253,231011.6698,7014.318748,3929.827332,0.054386376,0.992719466,3,61.73508045,5.286890965,BS,2015
GlyGlyArg-AMC,kill,killed,8971.363636,195850.8409,4806.440991,2732.666681,0.313114927,0.776981461,3,6.761971198,3.622750884,BS,2015
Arg-AMC,1,live,3953.691006,5191.62552,140.032019,157.7073666,9.36E-06,0.9950073,6,2.723755978,0.096470121,DR,2015
Arg-AMC,2,live,4213.749508,4485.792109,166.9965534,189.0033561,1.46E-05,0.993756651,6,2.902914112,0.115046386,DR,2015
Arg-AMC,3,live,4193.603801,4657.60768,182.7542991,207.1178063,2.14E-05,0.992460654,6,2.889035437,0.125902129,DR,2015
Arg-AMC,kill,killed,173.3858268,5340.637795,30.6748732,34.76422976,0.004826534,0.888732252,6,0.11944805,0.021132372,DR,2015
Gly-AMC,1,live,1524.273175,2281.483681,67.04543142,76.45035884,2.22E-05,0.992320644,6,1.050094245,0.046188585,DR,2015
Gly-AMC,2,live,1730.782963,3011.974553,55.71397649,63.88351514,6.40E-06,0.995872313,6,1.192361881,0.038382179,DR,2015
Gly-AMC,3,live,1286.342281,2255.446402,41.43711412,47.51318563,6.42E-06,0.995866414,6,0.886180148,0.028546638,DR,2015
Gly-AMC,kill,killed,323.6526228,2566.419394,47.36689405,54.31247031,0.002399566,0.92108639,6,0.22296906,0.032631751,DR,2015
Leu-AMC,1,live,9101.461116,4280.584795,146.2961292,168.778581,4.00E-07,0.998967584,6,6.270130642,0.100785559,DR,2015
Leu-AMC,2,live,9151.675187,4073.936492,239.5824199,277.5474221,2.81E-06,0.997266118,6,6.304723855,0.165051858,DR,2015
Leu-AMC,3,live,8907.33352,4879.579455,120.2059677,139.4438159,1.99E-07,0.999272052,6,6.136393281,0.082811662,DR,2015
Leu-AMC,kill,killed,130.8069633,4361.716815,32.27919357,37.44517856,0.015445615,0.80412929,6,0.090114844,0.022237612,DR,2015
Pyr-AMC,1,live,806.3359273,4152.054024,103.4714802,120.7680412,0.001462637,0.938203171,6,0.555496699,0.071283027,DR,2015
Pyr-AMC,2,live,961.3354594,4048.060937,175.09086,205.4746205,0.005361485,0.88285437,6,0.66227816,0.120622673,DR,2015
Pyr-AMC,3,live,1177.714398,3353.066559,141.1300299,165.6205203,0.001127185,0.945679606,6,0.811344799,0.097226557,DR,2015
Pyr-AMC,kill,killed,417.5046439,4638.044187,500.8719322,587.7889354,0.451413059,0.14799626,6,0.2876251,0.345058053,DR,2015
GlyGlyArg-AMC,1,live,9394.496341,4298.916026,437.4852019,516.5513536,2.78E-05,0.991400193,6,6.472006926,0.30139,DR,2015
GlyGlyArg-AMC,2,live,10003.3038,3765.519373,434.8386102,516.1981143,2.12E-05,0.992498311,6,6.891423352,0.299566724,DR,2015
GlyGlyArg-AMC,3,live,9999.969096,4139.252182,368.6005361,437.5667137,1.10E-05,0.994594688,6,6.889126026,0.253934339,DR,2015
GlyGlyArg-AMC,kill,killed,557.69701,5700.127907,61.36522362,72.85998779,0.000812796,0.953807777,6,0.384205686,0.042275407,DR,2015
Arg-AMC,1,live,78030.99964,191741.9003,11457.54352,12049.35015,0.020886891,0.95866248,4,50.68330465,7.441993199,FP,2015
Arg-AMC,2,live,77290.45872,192113.4358,10354.46414,11004.91687,0.017478325,0.965348841,4,50.20230272,6.725512463,FP,2015
Arg-AMC,3,live,80238.49202,190410.8195,11532.39247,12335.7074,0.020038472,0.960324596,4,52.11713235,7.490609674,FP,2015
Arg-AMC,kill,killed,3461.504587,184527.8376,6372.696772,6859.905417,0.641452769,0.128556117,4,2.248343509,4.139243806,FP,2015
Gly-AMC,1,live,67450.11773,218934.9784,17563.78878,19066.80306,0.06160682,0.880581759,4,43.81072755,11.40816934,FP,2015
Gly-AMC,2,live,59775.19266,161280.0766,15665.6506,17078.23377,0.062331043,0.879223073,4,38.82565024,10.1752758,FP,2015
Gly-AMC,3,live,67278.6651,167219.7959,22355.8117,24575.8631,0.09494999,0.81911552,4,43.6993643,14.52072151,FP,2015
Gly-AMC,kill,killed,1438.250317,186644.0893,1049.651217,1153.887184,0.304152923,0.484203155,4,0.934183585,0.681777661,FP,2015
Leu-AMC,1,live,208690.4037,171299.7133,17494.26949,19313.15058,0.006954054,0.986140252,4,135.5502218,11.36301463,FP,2015
Leu-AMC,2,live,214639.2791,179391.6668,14916.57787,16603.88516,0.004794989,0.990433015,4,139.4141818,9.68873222,FP,2015
Leu-AMC,3,live,207579.1723,177810.0157,20068.30066,22338.3515,0.00921757,0.981649824,4,134.8284461,13.03491947,FP,2015
Leu-AMC,kill,killed,1044.63589,147939.8592,5581.017781,6214.236287,0.868790407,0.017215957,4,0.678520066,3.625026281,FP,2015
Pyr-AMC,1,live,10891.75512,212212.0973,10367.91258,11684.68297,0.403688174,0.355587794,4,7.074497896,6.734247601,FP,2015
Pyr-AMC,2,live,7929.153715,216536.3421,11304.61451,12744.87708,0.555676457,0.197423411,4,5.150205882,7.342661553,FP,2015
Pyr-AMC,3,live,5633.004658,219538.6747,10385.40535,11781.25711,0.641902227,0.128234015,4,3.658793204,6.745609639,FP,2015
Pyr-AMC,kill,killed,34937.32295,199616.3988,19594.73615,22356.94612,0.216526672,0.613830456,4,22.69276302,12.72732614,FP,2015
GlyGlyArg-AMC,1,live,112300.2869,283370.1382,13111.44027,15057.95306,0.01335882,0.973460817,4,72.94215988,8.516245144,FP,2015
GlyGlyArg-AMC,2,live,108570.4995,284841.8901,13485.8498,15487.9471,0.015080697,0.970066034,4,70.51955923,8.759434548,FP,2015
GlyGlyArg-AMC,3,live,112030.2708,298309.1932,11185.90157,12949.62376,0.0098228,0.980450887,4,72.76677695,7.265554199,FP,2015
GlyGlyArg-AMC,kill,killed,-1911.565282,270853.4559,6745.41452,7812.427417,0.803520778,0.038604085,4,-1.24161482,4.381334351,FP,2015
Arg-AMC,1,live,5068.671787,6987.49863,531.762698,680.2455945,7.61E-05,0.938052231,8,13.32843826,1.398308391,AC,2015
Arg-AMC,2,live,4970.742911,6720.509227,86.24033577,110.3210298,1.83E-09,0.998197207,8,13.07092722,0.226775187,AC,2015
Arg-AMC,3,live,5140.28057,6858.737716,52.86028576,67.62106129,7.97E-11,0.999365895,8,13.51673873,0.138999936,AC,2015
Arg-AMC,kill,killed,177.5981941,5467.621971,39.35983445,50.60754055,0.004051142,0.772379479,8,0.467007268,0.103499525,AC,2015
Gly-AMC,1,live,1630.532633,4637.414104,69.91428488,90.42615395,4.08E-07,0.989089126,8,4.287603232,0.183844658,AC,2015
Gly-AMC,2,live,1530.750232,4591.860682,62.20308435,80.57190512,2.96E-07,0.990189643,8,4.025218207,0.163567499,AC,2015
Gly-AMC,3,live,1486.103778,4608.151646,69.76206845,90.58628392,6.98E-07,0.986950702,8,3.907817134,0.183444394,AC,2015
Gly-AMC,kill,killed,268.3665891,4264.376267,13.0170009,16.922275,8.47E-07,0.986080343,8,0.705689314,0.034229143,AC,2015
Leu-AMC,1,live,6410.246062,5859.266898,92.27594757,120.6591083,5.99E-10,0.998758235,8,16.85620464,0.242646264,AC,2015
Leu-AMC,2,live,6354.719873,5685.065143,57.29096781,75.25613199,3.62E-11,0.999512562,8,16.71019452,0.150650734,AC,2015
Leu-AMC,3,live,6479.830761,6032.815746,54.37145628,71.45920318,2.35E-11,0.999577738,8,17.03918263,0.142973668,AC,2015
Leu-AMC,kill,killed,91.19209784,4245.653923,30.48711198,40.17351064,0.024283521,0.598584092,8,0.239796202,0.080168061,AC,2015
Pyr-AMC,1,live,673.2253414,4914.108727,33.50914262,44.32535054,9.87E-07,0.985352996,8,1.770294621,0.088114709,AC,2015
Pyr-AMC,2,live,671.6815162,4832.038602,27.96143997,37.12942211,3.42E-07,0.989709153,8,1.766235021,0.073526624,AC,2015
Pyr-AMC,3,live,651.0786707,4990.365943,35.76139553,47.64040044,1.77E-06,0.982220392,8,1.712058352,0.09403717,AC,2015
Pyr-AMC,kill,killed,131.0598239,4868.781203,176.8010156,235.8727728,0.486510224,0.08389988,8,0.344631265,0.46491103,AC,2015
GlyGlyArg-AMC,1,live,1266.575808,6499.258023,38.47975336,51.64890654,5.23E-08,0.994492494,8,3.330552494,0.101185288,AC,2015
GlyGlyArg-AMC,2,live,1381.456465,6337.681859,74.17249671,99.79463129,1.55E-06,0.982997413,8,3.632639472,0.195041933,AC,2015
GlyGlyArg-AMC,3,live,1370.839203,6670.581682,121.3402045,163.8139573,2.88E-05,0.955100971,8,3.604720615,0.319072825,AC,2015
GlyGlyArg-AMC,kill,killed,41.28658054,5722.660295,16.83939665,22.79114859,0.049670222,0.500468303,8,0.108566043,0.044280409,AC,2015
Arg-AMC,1,live,4466.061279,8909.086786,33.05496099,49.53344696,1.80E-08,0.999780927,6,11.74383044,0.086920405,AC,2015
Arg-AMC,2,live,4662.829081,8960.650617,36.85897666,55.35611215,2.34E-08,0.999750116,6,12.26124558,0.096923339,AC,2015
Arg-AMC,3,live,4687.749487,8774.529055,70.81692158,106.9214354,3.12E-07,0.99908797,6,12.32677558,0.186218206,AC,2015
Arg-AMC,kill,killed,226.9735854,8068.168972,47.38512862,71.60080686,0.00871172,0.851543179,6,0.596843423,0.124602615,AC,2015
Gly-AMC,1,live,1897.61505,4695.392041,112.0992818,166.5096105,7.14E-05,0.986233324,6,4.989915723,0.294773152,AC,2015
Gly-AMC,2,live,1728.119694,4272.528686,61.9494663,94.18239508,9.82E-06,0.994885999,6,4.544215451,0.162900592,AC,2015
Gly-AMC,3,live,1740.478178,4596.111449,67.32386068,102.8062434,1.33E-05,0.994050652,6,4.576712976,0.17703295,AC,2015
Gly-AMC,kill,killed,244.7591855,4331.640724,11.22219151,17.13673786,2.61E-05,0.991661255,6,0.643611942,0.029509562,AC,2015
Leu-AMC,1,live,7178.03189,5509.857151,49.38973208,75.61078275,1.34E-08,0.999810661,6,18.87515288,0.129873865,AC,2015
Leu-AMC,2,live,7318.044104,5257.964845,28.28935636,43.55558935,1.34E-09,0.999940229,6,19.2433251,0.074388904,AC,2015
Leu-AMC,3,live,7314.500016,5618.144426,136.9210526,210.8243361,7.35E-07,0.998600339,6,19.23400567,0.360043789,AC,2015
Leu-AMC,kill,killed,55.55515356,4295.414055,24.28009603,37.41631745,0.08403331,0.566882836,6,0.146086286,0.063846265,AC,2015
Pyr-AMC,1,live,649.5981723,5210.337723,56.6624811,87.46816482,0.0003304,0.970464704,6,1.708165275,0.148998083,AC,2015
Pyr-AMC,2,live,588.926876,5837.195473,41.84136136,64.95463642,0.000147861,0.980209009,6,1.548625723,0.110024879,AC,2015
Pyr-AMC,3,live,621.9156082,5457.928814,53.28161061,82.79074469,0.000308019,0.971477696,6,1.635371974,0.14010784,AC,2015
Pyr-AMC,kill,killed,270.8619293,4841.884746,23.5824523,36.64320137,0.000328005,0.970571408,6,0.712250991,0.06201176,AC,2015
GlyGlyArg-AMC,1,live,1561.950402,6115.320767,62.15401555,96.74350849,1.49E-05,0.993706071,6,4.107261306,0.163438469,AC,2015
GlyGlyArg-AMC,2,live,1558.318818,6358.202765,13.94601293,21.77444631,3.85E-08,0.999679736,6,4.097711792,0.036672047,AC,2015
GlyGlyArg-AMC,3,live,1484.924666,6644.424571,41.4989642,64.79392873,3.64E-06,0.996885624,6,3.904716575,0.109124521,AC,2015
GlyGlyArg-AMC,kill,killed,-93.73203822,6157.446946,187.0029146,292.9795219,0.642535532,0.059096846,6,-0.246475159,0.49173766,AC,2015
Arg-AMC,1,live,3061.020255,5653.927232,54.13884577,50.41436693,3.27E-08,0.998438375,7,2.009652608,0.035543794,PP,2015
Arg-AMC,2,live,3703.402519,4829.311378,1057.031222,987.8649266,0.017218228,0.710566627,7,2.431396041,0.693973047,PP,2015
Arg-AMC,3,live,3300.335189,5510.454116,76.18554639,71.20038426,1.24E-07,0.997342682,7,2.166770117,0.050018121,PP,2015
Arg-AMC,kill,killed,20.69017254,5270.694174,43.94186475,41.52761773,0.657571579,0.042457958,7,0.013583726,0.028849167,PP,2015
Gly-AMC,1,live,1718.217768,4582.69877,29.55236397,28.02903448,2.85E-08,0.998523083,7,1.128062061,0.019402023,PP,2015
Gly-AMC,2,live,1676.722183,4676.598841,61.49552993,58.32563278,1.24E-06,0.993319273,7,1.100818951,0.04037368,PP,2015
Gly-AMC,3,live,1644.992432,4671.41078,48.9302309,46.47247672,4.38E-07,0.995595671,7,1.079987408,0.03212418,PP,2015
Gly-AMC,kill,killed,241.6306533,4176.263023,18.93259275,18.10577102,5.25E-05,0.970217893,7,0.15863785,0.012429821,PP,2015
Leu-AMC,1,live,7334.346571,5215.243252,30.12601641,28.99415594,2.22E-11,0.999915648,7,4.815220901,0.019778643,PP,2015
Leu-AMC,2,live,7029.091518,5208.497343,79.307142,76.32750413,3.47E-09,0.999363908,7,4.614811703,0.052067543,PP,2015
Leu-AMC,3,live,6663.483855,5482.457156,87.90357068,84.71866896,7.57E-09,0.999130634,7,4.374779187,0.057711359,PP,2015
Leu-AMC,kill,killed,154.5143605,4403.07749,25.07184431,24.46098715,0.00163708,0.88366923,7,0.101443363,0.016460426,PP,2015
Pyr-AMC,1,live,241.1449136,4680.482655,46.65480151,45.55792386,0.003558731,0.842348444,7,0.158318947,0.030630292,PP,2015
Pyr-AMC,2,live,289.7309286,4434.627066,59.0685515,57.67982039,0.004455098,0.827936104,7,0.190217139,0.038780295,PP,2015
Pyr-AMC,3,live,310.5020182,4425.012614,42.83483933,41.88604443,0.000780285,0.913112058,7,0.203853989,0.028122371,PP,2015
Pyr-AMC,kill,killed,109.521863,4478.949482,67.2490457,66.60684655,0.164326268,0.346605194,7,0.071904424,0.044151037,PP,2015
GlyGlyArg-AMC,1,live,11801.78935,6159.920408,39.65055203,39.27905457,8.12E-12,0.999943565,7,7.748232536,0.02603179,PP,2015
GlyGlyArg-AMC,2,live,12377.8378,6386.250994,114.6483159,113.5741428,1.29E-09,0.999571225,7,8.126425814,0.075270096,PP,2015
GlyGlyArg-AMC,3,live,11445.23925,6337.654354,118.1325582,117.5828064,2.22E-09,0.999467612,7,7.514146584,0.077557606,PP,2015
GlyGlyArg-AMC,kill,killed,174.1607829,5610.1479,14.37266501,14.43924104,6.76E-05,0.967069263,7,0.114341834,0.00943609,PP,2015
Arg-AMC,1,live,12190.17297,32916.55798,187.5210458,90.21659408,0.000236552,0.999526952,4,8.094732369,0.124521012,TW,2015
Arg-AMC,2,live,16211.2426,47820.2998,357.4900409,173.6322827,0.000485936,0.999028365,4,10.76487353,0.237386804,TW,2015
Arg-AMC,3,live,16483.64121,43139.04352,746.6785753,364.4177347,0.002045629,0.995912927,4,10.94575642,0.495822598,TW,2015
Arg-AMC,kill,killed,13.49376504,41051.54627,698.903578,344.3179055,0.986349127,0.000186346,4,0.008960366,0.464098207,TW,2015
Gly-AMC,1,live,-7.074293228,15632.41815,977.884963,488.3309209,0.994884659,2.62E-05,4,-0.004697596,0.649352317,TW,2015
Gly-AMC,2,live,5835.410914,19436.643,389.4359313,194.4744159,0.004424249,0.991171076,4,3.87493186,0.258600075,TW,2015
Gly-AMC,3,live,3155.587508,28194.02359,4110.728484,2073.270678,0.522941329,0.227584976,4,2.09542854,2.729677996,TW,2015
Gly-AMC,kill,killed,1115.879672,15177.25114,367.3647663,186.1657175,0.093440012,0.821851012,4,0.740985983,0.243943993,TW,2015
Leu-AMC,1,live,8979.134002,37712.61805,4164.41851,2110.360141,0.163816294,0.699203189,4,5.96248198,2.765330189,TW,2015
Leu-AMC,2,live,22197.0438,38077.03102,117.4134289,60.31541541,2.80E-05,0.999944043,4,14.73967018,0.077966923,TW,2015
Leu-AMC,3,live,22214.41024,37498.44552,692.4667766,358.9360344,0.000970277,0.998060387,4,14.75120215,0.459823929,TW,2015
Leu-AMC,kill,killed,-143.2178669,27520.50456,238.6853817,124.3113248,0.609417926,0.152554357,4,-0.095102039,0.158496052,TW,2015
Pyr-AMC,1,live,-8097.319964,50782.81632,5883.311972,3064.126929,0.302559551,0.48642318,4,-5.376924363,3.906739961,TW,2015
Pyr-AMC,2,live,2048.468113,51567.22463,540.2655162,284.8516881,0.06305203,0.877871499,4,1.36025971,0.35875658,TW,2015
Pyr-AMC,3,live,-205.3291395,64400.25365,1255.669255,668.626684,0.885137999,0.013193279,4,-0.136346255,0.833811513,TW,2015
Pyr-AMC,kill,killed,3361.887216,53402.14289,712.2804539,379.2795881,0.042075782,0.917618807,4,2.232419289,0.472980955,TW,2015
GlyGlyArg-AMC,1,live,159423.9107,47842.45761,2989.076217,1599.225613,0.000351349,0.999297426,4,105.8634601,1.984858793,TW,2015
GlyGlyArg-AMC,2,live,135436.0126,75057.09419,14938.75358,8063.045303,0.011948731,0.97624531,4,89.9345955,9.919893054,TW,2015
GlyGlyArg-AMC,3,live,199857.0479,67898.13997,1424.755329,779.0146444,5.08E-05,0.999898369,4,132.7125808,0.946091012,TW,2015
GlyGlyArg-AMC,kill,killed,-7906.98268,43570.81677,2553.467169,1402.793979,0.090374521,0.827418512,4,-5.250533263,1.695598036,TW,2015
Arg-AMC,1,live,7697.075841,3293.071149,173.6607027,158.6203696,1.10E-07,0.997461264,7,9.487787294,0.214062566,VP,2015
Arg-AMC,2,live,7347.234696,3583.964041,407.3402076,373.1217667,9.62E-06,0.984863935,7,9.056556209,0.502107206,VP,2015
Arg-AMC,3,live,7828.496264,3347.724293,215.647772,197.9616493,2.99E-07,0.996220289,7,9.649782453,0.265817855,VP,2015
Arg-AMC,kill,killed,161.8426937,2861.10669,22.09337963,20.36956504,0.00074323,0.914765055,7,0.199495118,0.027233366,VP,2015
Gly-AMC,1,live,2357.744748,3567.798124,264.4761748,245.2537973,0.000295744,0.940809599,7,2.906270008,0.326006102,VP,2015
Gly-AMC,2,live,1785.926831,3618.671253,124.790884,115.8090438,3.00E-05,0.976169474,7,2.201419637,0.153823268,VP,2015
Gly-AMC,3,live,1510.335074,3659.785942,558.9932528,520.2037421,0.042687853,0.593501837,7,1.861711931,0.689042071,VP,2015
Gly-AMC,kill,killed,191.5909091,3442.920455,33.41507558,31.1411966,0.002259878,0.867986572,7,0.236164205,0.041189035,VP,2015
Leu-AMC,1,live,13037.84316,4411.323982,321.0289475,300.0907313,1.71E-07,0.996977736,7,16.07107494,0.39571578,VP,2015
Leu-AMC,2,live,12903.13385,4102.643237,298.0891357,281.5863753,1.24E-07,0.997338573,7,15.90502575,0.36743906,VP,2015
Leu-AMC,3,live,12371.52553,5512.208148,612.2317956,579.1727784,5.49E-06,0.987903224,7,15.24973966,0.75466647,VP,2015
Leu-AMC,kill,killed,93.86298034,3462.543275,71.47767268,67.62854676,0.246155479,0.256443565,7,0.115700041,0.08810683,VP,2015
Pyr-AMC,1,live,395.5474354,4017.249921,20.51410602,19.45023144,6.92E-06,0.986729835,7,0.487570866,0.025286677,VP,2015
Pyr-AMC,2,live,280.3510092,3923.14275,78.26914416,75.04073735,0.015843281,0.719572089,7,0.345574189,0.096478326,VP,2015
Pyr-AMC,3,live,412.7426956,3967.498227,41.62655963,39.91732032,0.000178057,0.951604102,7,0.508766574,0.051310907,VP,2015
Pyr-AMC,kill,killed,52.87073787,4012.553491,301.2632594,289.3103442,0.867575191,0.006122114,7,0.065171024,0.371351639,VP,2015
GlyGlyArg-AMC,1,live,7012.74868,1760.670727,249.2093696,239.8206685,1.06E-06,0.993725364,7,8.644252598,0.307187501,VP,2015
GlyGlyArg-AMC,2,live,6013.520579,1785.654377,146.097618,141.664834,1.60E-07,0.997057484,7,7.412555797,0.180086978,VP,2015
GlyGlyArg-AMC,3,live,6202.365693,1762.647637,171.1109782,166.520391,3.01E-07,0.996208933,7,7.645335402,0.210919653,VP,2015
GlyGlyArg-AMC,kill,killed,112.0923657,1886.589695,23.36149933,22.73475403,0.004891552,0.821571331,7,0.138170462,0.028796512,VP,2015
Arg-AMC,1,live,2454.611544,6101.123577,53.51084401,56.49784649,7.19E-09,0.997156634,8,1.622174574,0.035363612,LL,2015
Arg-AMC,2,live,2538.605135,5959.401704,38.4976861,40.78315104,8.18E-10,0.998622057,8,1.677683262,0.025441894,LL,2015
Arg-AMC,3,live,2537.069285,6034.154888,39.18937625,41.71132859,9.13E-10,0.998570441,8,1.676668268,0.02589901,LL,2015
Arg-AMC,kill,killed,70.38954705,5392.046053,19.07815911,20.40925894,0.010214359,0.694075354,8,0.046518209,0.012608148,LL,2015
Gly-AMC,1,live,938.0340461,2171.894359,9.664207539,10.33895825,8.06E-11,0.999363542,8,0.619916819,0.006386767,LL,2015
Gly-AMC,2,live,959.6546053,2353.313734,6.212110306,6.69885363,4.96E-12,0.999748643,8,0.634205157,0.004105386,LL,2015
Gly-AMC,3,live,953.5499078,2290.662585,8.592470694,9.330241128,3.61E-11,0.999513045,8,0.630170757,0.00567849,LL,2015
Gly-AMC,kill,killed,6176.957792,-1190.829972,3508.843428,3813.653953,0.128824421,0.340586729,8,4.082154629,2.318882842,LL,2015
Leu-AMC,1,live,7973.400493,6246.854544,141.1736684,154.2223165,2.07E-09,0.998122606,8,5.269366381,0.09329718,LL,2015
Leu-AMC,2,live,8886.814268,5848.750821,398.073724,438.2767296,5.28E-07,0.988104331,8,5.873012446,0.263074243,LL,2015
Leu-AMC,3,live,1977.00966,11540.68467,3447.610018,3809.797566,0.5871783,0.051958592,8,1.306542704,2.278415632,LL,2015
Leu-AMC,kill,killed,607.8725764,4378.445256,393.4184967,436.5254055,0.173274914,0.284636729,8,0.401723621,0.259997752,LL,2015
Pyr-AMC,1,live,-4.710384775,6793.599866,135.7705195,151.0775402,0.973449364,0.000200569,8,-0.003112943,0.089726411,LL,2015
Pyr-AMC,2,live,-192.4477194,7176.877199,95.40138317,106.4484512,0.090244488,0.404127435,8,-0.127182567,0.063047735,LL,2015
Pyr-AMC,3,live,-374.2462506,6551.962016,252.5650379,283.8705065,0.188908907,0.267906727,8,-0.247327425,0.166912188,LL,2015
Pyr-AMC,kill,killed,2034.808219,3704.382905,1065.103867,1199.244075,0.104645259,0.378222194,8,1.34473993,0.703893215,LL,2015
GlyGlyArg-AMC,1,live,2354.647917,6256.468281,40.67037059,45.99579376,1.78E-09,0.998213188,8,1.556111798,0.026877752,LL,2015
GlyGlyArg-AMC,2,live,2442.391619,6252.601592,85.30596247,97.41821188,1.20E-07,0.992733719,8,1.614098815,0.056375993,LL,2015
GlyGlyArg-AMC,3,live,501.5668998,7612.657755,1090.089354,1248.275938,0.661635891,0.034081809,8,0.331469586,0.720405328,LL,2015
GlyGlyArg-AMC,kill,killed,-20.46204272,5271.416526,15.21441111,17.42568584,0.227260478,0.231634927,8,-0.013522712,0.01005472,LL,2015
